Rk,Player,Age,Team,Pos,G,GS,MP,FG,FGA,FG%,3P,3PA,3P%,2P,2PA,2P%,eFG%,FT,FTA,FT%,ORB,DRB,TRB,AST,STL,BLK,TOV,PF,PTS,Awards,Player-additional
1,Anthony Davis,31,LAL,PF,4,4,148,44,80,0.55,2,7,0.286,42,73,0.575,0.563,41,51,0.804,12,36,48,13,6,10,7,5,131,,davisan02
2,Nikola Jokić,29,DEN,C,4,4,156,47,82,0.573,11,20,0.55,36,62,0.581,0.64,21,27,0.778,16,33,49,37,5,5,12,10,126,,jokicni01
3,Anthony Edwards,23,MIN,SG,4,4,157,41,90,0.456,22,53,0.415,19,37,0.514,0.578,16,25,0.64,1,24,25,14,2,2,16,11,120,,edwaran01
4,Cam Thomas,23,BRK,SG,4,4,142,39,87,0.448,13,34,0.382,26,53,0.491,0.523,27,29,0.931,4,15,19,11,5,0,9,11,118,,thomaca02
5,Kevin Durant,36,PHO,SF,4,4,160,40,75,0.533,10,22,0.455,30,53,0.566,0.6,26,32,0.813,0,28,28,12,4,7,13,9,116,,duranke01
6,Giannis Antetokounmpo,30,MIL,PF,4,4,139,44,71,0.62,0,3,0,44,68,0.647,0.62,27,49,0.551,4,43,47,25,1,2,17,12,115,,antetgi01
7,Jalen Green,22,HOU,SG,4,4,138,38,88,0.432,19,46,0.413,19,42,0.452,0.54,20,24,0.833,3,12,15,11,3,1,8,6,115,,greenja05
8,Paolo Banchero,22,ORL,SF,4,4,145,36,75,0.48,9,23,0.391,27,52,0.519,0.54,33,52,0.635,12,25,37,24,3,4,7,11,114,,banchpa01
9,Jayson Tatum,26,BOS,SF,4,4,134,41,80,0.513,18,43,0.419,23,37,0.622,0.625,14,20,0.7,3,24,27,22,6,3,6,12,114,,tatumja01
10,Damian Lillard,34,MIL,PG,4,4,142,32,68,0.471,12,39,0.308,20,29,0.69,0.559,36,39,0.923,5,19,24,25,2,1,13,6,112,,lillada01
11,Luka Dončić,25,DAL,PG,4,4,149,36,99,0.364,11,41,0.268,25,58,0.431,0.419,24,30,0.8,3,34,37,28,4,3,11,14,107,,doncilu01
12,Cade Cunningham,23,DET,PG,4,4,147,42,87,0.483,10,27,0.37,32,60,0.533,0.54,12,15,0.8,3,20,23,30,4,5,23,12,106,,cunnica01
13,Trae Young,26,ATL,PG,4,4,151,27,69,0.391,11,37,0.297,16,32,0.5,0.471,41,46,0.891,4,18,22,43,6,2,26,8,106,,youngtr01
14,Jaylen Brown,28,BOS,SF,4,4,136,33,81,0.407,11,28,0.393,22,53,0.415,0.475,27,33,0.818,7,24,31,13,6,0,9,8,104,,brownja02
15,Zach LaVine,29,CHI,SG,4,4,139,37,67,0.552,16,35,0.457,21,32,0.656,0.672,14,17,0.824,2,20,22,11,3,3,16,5,104,,lavinza01
16,Brandon Ingram,27,NOP,SF,4,4,130,40,77,0.519,10,23,0.435,30,54,0.556,0.584,8,9,0.889,6,21,27,14,4,2,10,11,98,,ingrabr01
17,Domantas Sabonis,28,SAC,C,4,4,145,36,53,0.679,6,11,0.545,30,42,0.714,0.736,19,25,0.76,9,35,44,22,3,2,12,14,97,,sabondo01
18,LaMelo Ball,23,CHO,PG,3,3,103,29,62,0.468,15,36,0.417,14,26,0.538,0.589,22,24,0.917,4,17,21,22,3,2,17,14,95,,ballla01
19,Kyrie Irving,32,DAL,PG,4,4,141,36,76,0.474,14,26,0.538,22,50,0.44,0.566,9,11,0.818,5,10,15,21,7,2,6,10,95,,irvinky01
20,Donovan Mitchell,28,CLE,SG,4,4,120,35,70,0.5,12,32,0.375,23,38,0.605,0.586,13,18,0.722,2,8,10,18,7,1,13,9,95,,mitchdo01
21,Tyrese Maxey,24,PHI,PG,3,3,128,30,86,0.349,9,38,0.237,21,48,0.438,0.401,25,31,0.806,0,12,12,11,3,3,7,9,94,,maxeyty01
22,Julius Randle,30,MIN,PF,4,4,140,34,56,0.607,10,16,0.625,24,40,0.6,0.696,15,21,0.714,8,22,30,20,2,0,12,12,93,,randlju01
23,Devin Booker,28,PHO,SG,4,4,144,29,65,0.446,13,31,0.419,16,34,0.471,0.546,21,24,0.875,3,8,11,17,4,2,9,13,92,,bookede01
24,DeMar DeRozan,35,SAC,SG,4,4,148,32,58,0.552,2,7,0.286,30,51,0.588,0.569,26,31,0.839,3,13,16,16,8,1,6,4,92,,derozde01
25,Dennis Schröder,31,BRK,PG,4,4,143,30,61,0.492,15,29,0.517,15,32,0.469,0.615,15,18,0.833,0,8,8,33,3,0,12,15,90,,schrode01
26,De'Aaron Fox,27,SAC,PG,4,4,144,32,69,0.464,7,24,0.292,25,45,0.556,0.514,15,16,0.938,3,15,18,30,6,0,14,13,86,,foxde01
27,Shai Gilgeous-Alexander,26,OKC,SG,3,3,102,31,69,0.449,7,23,0.304,24,46,0.522,0.5,17,19,0.895,6,20,26,19,9,6,4,6,86,,gilgesh01
28,Jerami Grant,30,POR,PF,4,4,131,29,70,0.414,13,35,0.371,16,35,0.457,0.507,14,18,0.778,1,20,21,8,5,9,10,10,85,,grantje01
29,Buddy Hield,32,GSW,SG,4,1,91,30,58,0.517,20,36,0.556,10,22,0.455,0.69,5,5,1,2,14,16,10,4,1,5,8,85,,hieldbu01
30,Desmond Bane,26,MEM,SG,4,4,116,32,65,0.492,12,30,0.4,20,35,0.571,0.585,8,9,0.889,4,17,21,14,5,3,7,14,84,,banede01
31,Jaden Ivey,22,DET,SG,4,4,131,29,63,0.46,9,21,0.429,20,42,0.476,0.532,16,22,0.727,8,11,19,15,4,0,8,11,83,,iveyja01
32,Nikola Vučević,34,CHI,C,4,4,130,31,60,0.517,11,21,0.524,20,39,0.513,0.608,10,11,0.909,9,32,41,12,0,2,6,12,83,,vucevni01
33,Franz Wagner,23,ORL,SF,4,4,107,30,56,0.536,11,25,0.44,19,31,0.613,0.634,11,12,0.917,4,14,18,13,6,1,9,8,82,,wagnefr01
34,LeBron James,40,LAL,SF,4,4,139,29,65,0.446,9,23,0.391,20,42,0.476,0.515,13,19,0.684,0,28,28,30,1,3,11,8,80,,jamesle01
35,Anfernee Simons,25,POR,SG,4,4,133,23,61,0.377,10,33,0.303,13,28,0.464,0.459,22,24,0.917,0,6,6,19,4,0,15,7,78,,simonan01
36,Scottie Barnes,23,TOR,SF,4,4,134,29,63,0.46,2,11,0.182,27,52,0.519,0.476,17,23,0.739,10,21,31,24,8,2,16,12,77,,barnesc01
37,Darius Garland,25,CLE,PG,4,4,112,29,53,0.547,13,26,0.5,16,27,0.593,0.67,6,6,1,1,7,8,20,5,2,12,13,77,,garlada01
38,Austin Reaves,26,LAL,SG,4,4,144,29,53,0.547,12,25,0.48,17,28,0.607,0.66,7,10,0.7,8,20,28,21,6,2,11,14,77,,reaveau01
39,James Harden,35,LAC,SG,3,3,113,21,58,0.362,5,26,0.192,16,32,0.5,0.405,28,31,0.903,4,21,25,35,2,1,20,9,75,,hardeja01
40,CJ McCollum,33,NOP,SG,4,4,137,29,65,0.446,13,34,0.382,16,31,0.516,0.546,4,6,0.667,1,13,14,16,9,4,8,6,75,,mccolcj01
41,Jamal Murray,27,DEN,PG,4,4,152,25,66,0.379,7,20,0.35,18,46,0.391,0.432,18,20,0.9,3,17,20,19,5,0,6,8,75,,murraja01
42,Norman Powell,31,LAC,SG,3,3,101,27,52,0.519,10,25,0.4,17,27,0.63,0.615,10,12,0.833,2,6,8,4,1,2,4,5,74,,powelno01
43,Pascal Siakam,30,IND,PF,4,4,129,30,55,0.545,5,16,0.313,25,39,0.641,0.591,9,12,0.75,7,20,27,21,4,1,5,8,74,,siakapa01
44,Coby White,24,CHI,PG,4,4,131,25,60,0.417,12,37,0.324,13,23,0.565,0.517,12,15,0.8,1,19,20,19,6,1,10,7,74,,whiteco01
45,Derrick White,30,BOS,SG,4,4,129,25,51,0.49,13,33,0.394,12,18,0.667,0.618,10,11,0.909,3,13,16,19,3,4,2,6,73,,whitede01
46,Lauri Markkanen,27,UTA,PF,4,4,114,20,52,0.385,9,20,0.45,11,32,0.344,0.471,23,27,0.852,8,21,29,7,1,0,7,4,72,,markkla01
47,Chet Holmgren,22,OKC,PF,3,3,98,27,48,0.563,3,15,0.2,24,33,0.727,0.594,14,21,0.667,9,30,39,9,4,12,7,6,71,,holmgch01
48,Evan Mobley,23,CLE,C,4,4,127,26,51,0.51,4,8,0.5,22,43,0.512,0.549,15,17,0.882,6,30,36,11,6,10,8,11,71,,mobleev01
49,Rui Hachimura,26,LAL,PF,4,4,143,25,57,0.439,8,13,0.615,17,44,0.386,0.509,12,15,0.8,14,17,31,8,3,2,2,9,70,,hachiru01
50,Jarrett Allen,26,CLE,C,4,4,114,25,31,0.806,0,0,,25,31,0.806,0.806,19,24,0.792,8,30,38,5,4,7,4,4,69,,allenja01
51,Jalen Brunson,28,NYK,PG,3,3,92,27,57,0.474,4,11,0.364,23,46,0.5,0.509,11,14,0.786,2,7,9,14,0,0,6,6,69,,brunsja01
52,Ivica Zubac,27,LAC,C,3,3,110,29,49,0.592,0,0,,29,49,0.592,0.592,10,15,0.667,11,31,42,13,2,2,10,11,68,,zubaciv01
53,Jalen Suggs,23,ORL,SG,4,4,100,20,44,0.455,14,31,0.452,6,13,0.462,0.614,13,14,0.929,1,18,19,15,7,2,8,7,67,,suggsja01
54,Jordan Poole,25,WAS,SG,3,3,89,22,43,0.512,16,26,0.615,6,17,0.353,0.698,6,6,1,1,2,3,15,9,1,8,8,66,,poolejo01
55,Klay Thompson,34,DAL,SG,4,4,117,23,51,0.451,17,40,0.425,6,11,0.545,0.618,3,3,1,4,10,14,5,5,0,2,6,66,,thompkl01
56,Payton Pritchard,27,BOS,SG,4,0,100,21,43,0.488,19,38,0.5,2,5,0.4,0.709,4,4,1,3,9,12,9,3,0,3,6,65,,pritcpa01
57,Gradey Dick,21,TOR,SG,4,4,119,22,51,0.431,9,26,0.346,13,25,0.52,0.52,11,11,1,2,3,5,7,2,3,3,10,64,,dickgr01
58,Scoot Henderson,20,POR,PG,4,0,115,21,51,0.412,3,14,0.214,18,37,0.486,0.441,19,22,0.864,3,11,14,22,3,0,13,14,64,,hendesc01
59,Jalen Johnson,23,ATL,SF,4,4,146,22,54,0.407,3,13,0.231,19,41,0.463,0.435,16,24,0.667,6,32,38,16,6,5,15,16,63,,johnsja05
60,Kelly Oubre Jr.,29,PHI,SF,3,3,107,23,53,0.434,4,16,0.25,19,37,0.514,0.472,13,17,0.765,4,8,12,3,4,0,7,12,63,,oubreke01
61,Santi Aldama,24,MEM,PF,4,3,116,24,43,0.558,10,22,0.455,14,21,0.667,0.674,4,4,1,6,24,30,17,0,4,7,4,62,,aldamsa01
62,Jordan Clarkson,32,UTA,SG,4,1,101,22,53,0.415,5,22,0.227,17,31,0.548,0.462,13,18,0.722,3,13,16,16,0,1,8,7,62,,clarkjo01
63,Aaron Gordon,29,DEN,PF,4,4,144,20,41,0.488,4,10,0.4,16,31,0.516,0.537,18,21,0.857,13,17,30,14,4,2,8,8,62,,gordoaa01
64,Ja Morant,25,MEM,PG,3,3,76,19,41,0.463,2,12,0.167,17,29,0.586,0.488,22,26,0.846,0,7,7,22,1,1,12,8,62,,moranja01
65,Zion Williamson,24,NOP,PF,3,3,88,19,46,0.413,1,3,0.333,18,43,0.419,0.424,22,32,0.688,7,15,22,14,1,5,11,9,61,,willizi01
66,Myles Turner,28,IND,C,4,4,122,21,44,0.477,6,19,0.316,15,25,0.6,0.545,12,19,0.632,2,23,25,7,4,8,13,18,60,,turnemy01
67,Victor Wembanyama,21,SAS,PF,3,3,94,21,49,0.429,4,18,0.222,17,31,0.548,0.469,14,16,0.875,8,28,36,7,0,8,11,7,60,,wembavi01
68,John Collins,27,UTA,PF,4,0,84,21,51,0.412,5,16,0.313,16,35,0.457,0.461,12,12,1,9,16,25,7,4,4,9,16,59,,collijo01
69,Cameron Johnson,28,BRK,PF,4,4,136,20,48,0.417,12,35,0.343,8,13,0.615,0.542,7,9,0.778,2,17,19,10,4,2,3,12,59,,johnsca02
70,Alperen Sengun,22,HOU,C,4,4,114,22,57,0.386,4,8,0.5,18,49,0.367,0.421,11,16,0.688,17,33,50,14,8,2,9,15,59,,sengual01
71,Fred VanVleet,30,HOU,PG,4,4,148,18,53,0.34,14,38,0.368,4,15,0.267,0.472,9,12,0.75,3,9,12,25,8,0,4,11,59,,vanvlfr01
72,Andrew Wiggins,29,GSW,SF,3,3,76,22,40,0.55,11,19,0.579,11,21,0.524,0.688,4,5,0.8,7,13,20,7,1,3,3,8,59,,wiggian01
73,Jordan Hawkins,22,NOP,SG,4,0,117,18,40,0.45,9,18,0.5,9,22,0.409,0.563,13,13,1,2,19,21,5,1,1,6,5,58,,hawkijo01
74,Terry Rozier,30,MIA,PG,3,3,97,19,43,0.442,10,25,0.4,9,18,0.5,0.558,10,10,1,0,16,16,11,1,2,7,6,58,,roziete01
75,Deandre Ayton,26,POR,C,4,4,129,27,52,0.519,1,3,0.333,26,49,0.531,0.529,2,3,0.667,13,36,49,5,2,3,5,10,57,,aytonde01
76,Josh Giddey,22,CHI,SG,4,4,109,21,45,0.467,6,13,0.462,15,32,0.469,0.533,9,15,0.6,7,24,31,24,1,1,10,4,57,,giddejo01
77,Keegan Murray,24,SAC,SF,4,4,148,21,51,0.412,9,27,0.333,12,24,0.5,0.5,6,6,1,8,20,28,6,3,2,3,11,57,,murrake02
78,Jeremy Sochan,21,SAS,PF,3,3,98,23,44,0.523,1,4,0.25,22,40,0.55,0.534,10,14,0.714,10,17,27,9,2,1,9,10,57,,sochaje01
79,Christian Braun,23,DEN,SG,4,4,142,21,39,0.538,4,11,0.364,17,28,0.607,0.59,10,12,0.833,5,16,21,7,4,7,5,11,56,,braunch01
80,Mikal Bridges,28,NYK,SF,3,3,108,24,40,0.6,5,14,0.357,19,26,0.731,0.663,3,5,0.6,5,2,7,10,3,1,4,8,56,,bridgmi01
81,Tyrese Haliburton,24,IND,PG,4,4,133,20,59,0.339,9,34,0.265,11,25,0.44,0.415,7,11,0.636,5,14,19,21,5,3,8,7,56,,halibty01
82,Jalen Williams,23,OKC,SG,3,3,99,23,55,0.418,3,15,0.2,20,40,0.5,0.445,7,12,0.583,5,16,21,16,2,2,7,8,56,,willija06
83,Stephen Curry,36,GSW,PG,3,3,79,17,41,0.415,11,27,0.407,6,14,0.429,0.549,10,10,1,0,16,16,20,6,1,11,4,55,,curryst01
84,Tyler Herro,25,MIA,SG,3,3,95,19,45,0.422,8,24,0.333,11,21,0.524,0.511,9,10,0.9,1,13,14,14,2,1,6,4,55,,herroty01
85,Tre Mann,23,CHO,PG,3,0,86,19,46,0.413,8,20,0.4,11,26,0.423,0.5,9,9,1,6,8,14,9,2,1,7,7,55,,manntr01
86,Naz Reid,25,MIN,C,4,0,100,17,33,0.515,8,18,0.444,9,15,0.6,0.636,13,13,1,2,28,30,7,1,1,8,8,55,,reidna01
87,Collin Sexton,26,UTA,SG,4,3,91,18,39,0.462,2,10,0.2,16,29,0.552,0.487,17,21,0.81,1,9,10,7,2,1,13,7,55,,sextoco01
88,Bradley Beal,31,PHO,SG,3,3,109,20,40,0.5,8,19,0.421,12,21,0.571,0.6,6,7,0.857,0,7,7,14,5,3,5,9,54,,bealbr01
89,Miles Bridges,26,CHO,SF,3,3,98,19,42,0.452,5,17,0.294,14,25,0.56,0.512,10,12,0.833,3,20,23,4,1,3,6,6,53,,bridgmi02
90,Jrue Holiday,34,BOS,PG,4,4,122,17,30,0.567,10,17,0.588,7,13,0.538,0.733,9,10,0.9,3,10,13,12,1,1,6,9,53,,holidjr01
91,Michael Porter Jr.,26,DEN,SF,4,4,150,21,53,0.396,8,27,0.296,13,26,0.5,0.472,3,5,0.6,6,25,31,9,4,1,3,9,53,,portemi01
92,Jimmy Butler,35,MIA,SF,3,3,96,15,34,0.441,1,6,0.167,14,28,0.5,0.456,21,30,0.7,8,8,16,20,7,2,2,5,52,,butleji01
93,Tim Hardaway Jr.,32,DET,SG,4,4,122,14,32,0.438,11,23,0.478,3,9,0.333,0.609,13,13,1,0,6,6,5,1,0,2,7,52,,hardati02
94,Dyson Daniels,21,ATL,PG,4,4,130,21,42,0.5,6,17,0.353,15,25,0.6,0.571,3,8,0.375,5,12,17,9,11,4,3,13,51,,daniedy01
95,Keyonte George,21,UTA,SG,4,4,127,16,61,0.262,7,31,0.226,9,30,0.3,0.32,12,16,0.75,3,10,13,26,3,0,13,4,51,,georgke01
96,Kyle Kuzma,29,WAS,PF,3,3,92,17,52,0.327,5,18,0.278,12,34,0.353,0.375,12,16,0.75,5,16,21,11,1,1,7,3,51,,kuzmaky01
97,Malik Monk,26,SAC,SG,4,0,99,17,40,0.425,8,22,0.364,9,18,0.5,0.525,8,10,0.8,0,12,12,12,2,2,2,7,50,,monkma01
98,Ochai Agbaji,24,TOR,SG,4,3,111,20,34,0.588,5,11,0.455,15,23,0.652,0.662,4,7,0.571,10,13,23,4,6,2,5,11,49,,agbajoc01
99,Jay Huff,26,MEM,C,4,0,75,17,27,0.63,10,17,0.588,7,10,0.7,0.815,5,5,1,2,10,12,3,2,7,1,7,49,,huffja01
100,Bennedict Mathurin,22,IND,SG,4,0,86,16,28,0.571,5,13,0.385,11,15,0.733,0.661,12,17,0.706,2,10,12,4,1,0,6,9,49,,mathube01
101,Onyeka Okongwu,24,ATL,C,3,0,78,17,27,0.63,2,4,0.5,15,23,0.652,0.667,13,15,0.867,6,13,19,5,2,3,2,6,49,,okongon01
102,Jakob Poeltl,29,TOR,C,4,4,124,18,36,0.5,0,0,,18,36,0.5,0.5,13,17,0.765,15,32,47,10,1,6,12,14,49,,poeltja01
103,Bilal Coulibaly,20,WAS,SF,3,3,102,15,30,0.5,5,14,0.357,10,16,0.625,0.583,13,16,0.813,4,10,14,10,3,0,8,6,48,,coulibi01
104,Josh Hart,29,NYK,SG,3,3,99,16,31,0.516,3,13,0.231,13,18,0.722,0.565,13,16,0.813,8,19,27,8,4,0,9,2,48,,hartjo01
105,Kevin Huerter,26,SAC,SG,4,4,106,19,34,0.559,10,24,0.417,9,10,0.9,0.706,0,0,,1,11,12,5,4,4,1,9,48,,huertke01
106,Moritz Wagner,27,ORL,C,4,0,60,18,30,0.6,4,10,0.4,14,20,0.7,0.667,8,10,0.8,5,11,16,3,1,2,6,14,48,,wagnemo01
107,Malik Beasley,28,DET,SG,4,0,96,16,46,0.348,11,27,0.407,5,19,0.263,0.467,4,5,0.8,0,10,10,3,1,1,4,4,47,,beaslma01
108,Moses Moody,22,GSW,SG,4,1,63,17,32,0.531,11,21,0.524,6,11,0.545,0.703,2,4,0.5,1,6,7,4,2,1,5,6,47,,moodymo01
109,Jabari Smith Jr.,21,HOU,PF,4,4,129,15,38,0.395,5,16,0.313,10,22,0.455,0.461,11,13,0.846,11,25,36,7,1,3,6,16,46,,smithja05
110,Jalen Smith,24,CHI,PF,4,0,55,14,26,0.538,8,14,0.571,6,12,0.5,0.692,10,15,0.667,8,15,23,2,2,0,1,10,46,,smithja04
111,Karl-Anthony Towns,29,NYK,C,3,3,88,14,28,0.5,4,6,0.667,10,22,0.455,0.571,14,15,0.933,5,27,32,6,2,2,3,9,46,,townska01
112,Brook Lopez,36,MIL,C,4,4,126,16,44,0.364,5,21,0.238,11,23,0.478,0.42,8,9,0.889,5,17,22,7,4,13,7,11,45,,lopezbr01
113,Bobby Portis,29,MIL,PF,4,0,100,20,39,0.513,3,9,0.333,17,30,0.567,0.551,2,2,1,6,25,31,6,3,3,9,5,45,,portibo01
114,P.J. Washington,26,DAL,PF,4,4,127,19,45,0.422,6,22,0.273,13,23,0.565,0.489,1,2,0.5,9,21,30,7,7,3,4,12,45,,washipj01
115,Miles McBride,24,NYK,PG,3,0,76,17,26,0.654,8,13,0.615,9,13,0.692,0.808,2,3,0.667,1,4,5,8,0,0,4,6,44,,mcbrimi01
116,Scotty Pippen Jr.,24,MEM,PG,4,0,100,18,35,0.514,5,10,0.5,13,25,0.52,0.586,3,6,0.5,4,11,15,33,6,3,9,14,44,,pippesc02
117,D'Angelo Russell,28,LAL,PG,4,4,129,16,42,0.381,7,25,0.28,9,17,0.529,0.464,5,5,1,2,6,8,23,5,1,7,11,44,,russeda01
118,Dillon Brooks,29,HOU,SG,4,4,135,14,39,0.359,7,20,0.35,7,19,0.368,0.449,8,8,1,7,9,16,1,3,1,1,14,43,,brookdi01
119,Jalen Duren,21,DET,C,4,4,117,18,21,0.857,0,0,,18,21,0.857,0.857,7,12,0.583,14,26,40,13,1,6,5,11,43,,durenja01
120,Dorian Finney-Smith,31,BRK,PF,4,4,118,15,39,0.385,7,27,0.259,8,12,0.667,0.474,6,11,0.545,7,15,22,7,5,3,3,13,43,,finnedo01
121,Ty Jerome,27,CLE,SG,4,0,57,15,24,0.625,3,6,0.5,12,18,0.667,0.688,10,12,0.833,3,3,6,13,6,0,5,3,43,,jeromty01
122,Caris LeVert,30,CLE,SG,4,0,86,16,24,0.667,5,8,0.625,11,16,0.688,0.771,6,10,0.6,2,6,8,13,5,3,2,4,43,,leverca01
123,Jonathan Kuminga,22,GSW,PF,4,3,87,14,37,0.378,2,12,0.167,12,25,0.48,0.405,11,16,0.688,4,9,13,6,5,3,7,5,41,,kuminjo01
124,Ziaire Williams,23,BRK,SF,4,0,75,16,29,0.552,8,12,0.667,8,17,0.471,0.69,1,2,0.5,6,11,17,6,2,2,4,12,41,,willizi02
125,Tobias Harris,32,DET,PF,4,4,139,15,44,0.341,3,17,0.176,12,27,0.444,0.375,7,7,1,5,23,28,9,3,4,7,12,40,,harrito02
126,Tyus Jones,28,PHO,PG,4,4,129,16,33,0.485,6,16,0.375,10,17,0.588,0.576,2,2,1,2,13,15,24,7,2,3,1,40,,jonesty01
127,Caleb Martin,29,PHI,SF,3,2,108,13,32,0.406,1,7,0.143,12,25,0.48,0.422,13,18,0.722,12,14,26,8,1,2,11,12,40,,martica02
128,Gary Trent Jr.,26,MIL,SG,4,4,134,11,30,0.367,8,22,0.364,3,8,0.375,0.5,10,11,0.909,0,6,6,5,4,0,2,13,40,,trentga02
129,Daniel Gafford,26,DAL,PF,4,4,78,16,27,0.593,0,0,,16,27,0.593,0.593,7,9,0.778,13,12,25,7,2,5,2,12,39,,gaffoda01
130,Derrick Jones Jr.,27,LAC,SF,3,3,91,16,24,0.667,6,10,0.6,10,14,0.714,0.792,1,2,0.5,6,3,9,2,5,1,7,8,39,,jonesde02
131,Dereck Lively II,20,DAL,C,4,0,103,17,23,0.739,0,0,,17,23,0.739,0.739,5,9,0.556,15,20,35,12,5,4,4,14,39,,livelde01
132,Obi Toppin,26,IND,PF,4,0,73,14,22,0.636,4,9,0.444,10,13,0.769,0.727,7,9,0.778,3,5,8,7,3,1,3,5,39,,toppiob01
133,Russell Westbrook,36,DEN,PG,4,0,79,10,37,0.27,3,12,0.25,7,25,0.28,0.311,16,20,0.8,2,9,11,15,5,3,5,10,39,,westbru01
134,Nickeil Alexander-Walker,26,MIN,SG,4,0,87,13,21,0.619,10,15,0.667,3,6,0.5,0.857,2,4,0.5,3,6,9,9,1,0,4,4,38,,alexani01
135,Anthony Black,21,ORL,PG,4,0,105,14,29,0.483,4,7,0.571,10,22,0.455,0.552,6,9,0.667,4,9,13,15,2,4,7,12,38,,blackan01
136,Donte DiVincenzo,28,MIN,SG,4,0,108,13,42,0.31,8,30,0.267,5,12,0.417,0.405,4,6,0.667,2,6,8,13,5,0,6,7,38,,divindo01
137,Rudy Gobert,32,MIN,C,4,4,140,14,23,0.609,0,0,,14,23,0.609,0.609,10,15,0.667,10,35,45,5,3,5,7,14,38,,goberru01
138,Al Horford,38,BOS,C,4,4,105,14,24,0.583,10,16,0.625,4,8,0.5,0.792,0,0,,3,15,18,8,4,3,2,4,38,,horfoal01
139,Brandin Podziemski,21,GSW,SG,4,1,108,17,45,0.378,4,22,0.182,13,23,0.565,0.422,0,0,,7,13,20,14,3,3,5,9,38,,podzibr01
140,Deni Avdija,24,POR,SF,4,4,113,11,38,0.289,1,15,0.067,10,23,0.435,0.303,14,16,0.875,6,17,23,12,6,4,9,8,37,,avdijde01
141,Nic Claxton,25,BRK,C,4,0,84,17,23,0.739,0,0,,17,23,0.739,0.739,3,6,0.5,8,25,33,6,2,7,2,14,37,,claxtni01
142,Corey Kispert,25,WAS,SF,3,0,85,14,30,0.467,6,18,0.333,8,12,0.667,0.567,3,4,0.75,0,10,10,6,1,0,3,8,37,,kispeco01
143,De'Andre Hunter,27,ATL,SF,2,2,59,10,24,0.417,4,10,0.4,6,14,0.429,0.5,12,13,0.923,2,11,13,4,2,1,0,9,36,,huntede01
144,Garrison Mathews,28,ATL,SG,3,0,64,10,22,0.455,10,20,0.5,0,2,0,0.682,6,7,0.857,1,2,3,4,2,0,3,9,36,,mathega01
145,Julian Champagnie,23,SAS,SF,3,3,81,13,27,0.481,7,18,0.389,6,9,0.667,0.611,2,2,1,6,12,18,4,2,3,5,4,35,,champju02
146,Jusuf Nurkić,30,PHO,C,4,4,86,11,28,0.393,1,11,0.091,10,17,0.588,0.411,12,19,0.632,5,29,34,7,2,4,16,12,35,,nurkiju01
147,Jonas Valančiūnas,32,WAS,C,3,1,64,15,27,0.556,0,1,0,15,26,0.577,0.556,5,5,1,8,14,22,6,1,0,7,1,35,,valanjo01
148,Lindy Waters III,27,GSW,SG,4,0,43,13,19,0.684,7,12,0.583,6,7,0.857,0.868,2,2,1,3,7,10,5,2,0,0,5,35,,waterli01
149,Clint Capela,30,ATL,C,4,4,88,14,21,0.667,0,0,,14,21,0.667,0.667,6,9,0.667,8,20,28,6,4,5,5,8,34,,capelca01
150,Walker Kessler,23,UTA,C,4,4,106,15,22,0.682,0,0,,15,22,0.682,0.682,4,7,0.571,15,27,42,6,4,10,5,6,34,,kesslwa01
151,Jaden McDaniels,24,MIN,PF,4,4,112,15,33,0.455,2,11,0.182,13,22,0.591,0.485,2,2,1,6,5,11,10,2,3,5,13,34,,mcdanja02
152,Yves Missi,20,NOP,C,4,0,87,13,23,0.565,0,0,,13,23,0.565,0.565,8,14,0.571,9,14,23,8,3,9,4,8,34,,missiyv01
153,Jamal Shead,22,TOR,PG,4,0,81,13,30,0.433,3,10,0.3,10,20,0.5,0.483,5,5,1,0,4,4,19,2,1,11,9,34,,sheadja01
154,Bam Adebayo,27,MIA,C,3,3,93,12,31,0.387,0,6,0,12,25,0.48,0.387,9,15,0.6,8,18,26,8,4,4,2,3,33,,adebaba01
155,OG Anunoby,27,NYK,SF,3,3,105,14,32,0.438,2,12,0.167,12,20,0.6,0.469,3,5,0.6,1,10,11,6,4,1,3,9,33,,anunoog01
156,Trayce Jackson-Davis,24,GSW,PF,4,4,74,14,18,0.778,0,0,,14,18,0.778,0.778,5,7,0.714,4,12,16,10,1,2,3,4,33,,jackstr02
157,Kyle Lowry,38,PHI,PG,3,2,71,9,16,0.563,8,13,0.615,1,3,0.333,0.813,7,9,0.778,0,6,6,10,4,0,2,8,33,,lowryky01
158,Andrew Nembhard,25,IND,SG,4,4,121,13,34,0.382,1,9,0.111,12,25,0.48,0.397,6,8,0.75,0,9,9,24,4,0,8,9,33,,nembhan01
159,Taurean Prince,30,MIL,PF,4,4,126,13,22,0.591,7,11,0.636,6,11,0.545,0.75,0,0,,5,19,24,7,3,0,4,12,33,,princta02
160,Jaren Jackson Jr.,25,MEM,C,2,2,47,13,26,0.5,1,6,0.167,12,20,0.6,0.519,5,11,0.455,3,7,10,2,2,3,3,6,32,,jacksja02
161,Davion Mitchell,26,TOR,PG,4,3,108,12,30,0.4,5,14,0.357,7,16,0.438,0.483,3,4,0.75,1,6,7,20,3,2,12,11,32,,mitchda01
162,Jaylen Wells,21,MEM,SF,4,0,80,12,38,0.316,5,15,0.333,7,23,0.304,0.382,3,6,0.5,5,7,12,5,2,0,1,9,32,,wellsja01
163,Aaron Wiggins,26,OKC,SG,3,1,53,14,20,0.7,2,6,0.333,12,14,0.857,0.75,2,2,1,2,8,10,3,2,2,4,7,32,,wiggiaa01
164,Jamison Battle,23,TOR,SF,4,0,62,10,20,0.5,5,13,0.385,5,7,0.714,0.625,6,8,0.75,6,9,15,2,0,2,0,10,31,,battlja01
165,Seth Curry,34,CHO,SG,3,2,83,11,26,0.423,8,16,0.5,3,10,0.3,0.577,1,3,0.333,5,6,11,5,3,1,1,9,31,,curryse01
166,Ryan Dunn,22,PHO,SF,4,1,59,12,23,0.522,7,16,0.438,5,7,0.714,0.674,0,0,,1,6,7,3,1,2,1,11,31,,dunnry01
167,Zach Edey,22,MEM,C,4,4,64,14,25,0.56,1,3,0.333,13,22,0.591,0.58,2,8,0.25,9,11,20,1,1,1,1,15,31,,edeyza01
168,Jaime Jaquez Jr.,23,MIA,SF,3,0,73,11,23,0.478,6,7,0.857,5,16,0.313,0.609,3,5,0.6,7,13,20,7,4,0,7,7,31,,jaqueja01
169,Nikola Jović,21,MIA,PF,3,3,67,12,27,0.444,5,16,0.313,7,11,0.636,0.537,2,3,0.667,3,10,13,8,3,1,4,9,31,,jovicni01
170,Jake LaRavia,23,MEM,PF,4,0,93,12,20,0.6,2,7,0.286,10,13,0.769,0.65,5,12,0.417,6,17,23,11,1,1,4,7,31,,laravja01
171,T.J. McConnell,32,IND,PG,4,0,59,15,25,0.6,0,0,,15,25,0.6,0.6,1,2,0.5,2,7,9,14,3,0,7,1,31,,mccontj01
172,Aaron Nesmith,25,IND,SF,4,4,96,9,22,0.409,2,5,0.4,7,17,0.412,0.455,11,13,0.846,3,12,15,2,4,1,3,18,31,,nesmiaa01
173,Royce O'Neale,31,PHO,SF,4,0,103,10,25,0.4,5,15,0.333,5,10,0.5,0.5,6,6,1,5,22,27,13,2,4,6,10,31,,onealro01
174,Harrison Barnes,32,SAS,SF,3,3,86,11,19,0.579,4,9,0.444,7,10,0.7,0.684,4,5,0.8,2,8,10,3,1,1,2,3,30,,barneha02
175,Chris Boucher,32,TOR,PF,4,0,69,9,28,0.321,4,15,0.267,5,13,0.385,0.393,8,12,0.667,3,14,17,2,3,6,2,5,30,,bouchch01
176,Toumani Camara,24,POR,PF,4,4,109,11,25,0.44,5,10,0.5,6,15,0.4,0.54,3,5,0.6,12,5,17,13,6,1,4,15,30,,camarto01
177,Wendell Carter Jr.,25,ORL,C,4,4,121,10,23,0.435,2,10,0.2,8,13,0.615,0.478,8,12,0.667,11,34,45,9,5,1,3,9,30,,cartewe01
178,Mike Conley,37,MIN,PG,4,4,95,7,31,0.226,6,22,0.273,1,9,0.111,0.323,10,10,1,5,8,13,18,5,2,6,8,30,,conlemi01
179,Andre Drummond,31,PHI,C,3,3,85,12,25,0.48,0,2,0,12,23,0.522,0.48,6,11,0.545,16,23,39,1,6,3,7,15,30,,drumman01
180,Nick Richards,27,CHO,C,3,3,89,11,18,0.611,0,1,0,11,17,0.647,0.611,8,13,0.615,12,21,33,4,1,6,5,10,30,,richani01
181,Julian Strawther,22,DEN,SG,4,0,78,12,20,0.6,5,9,0.556,7,11,0.636,0.725,1,2,0.5,1,7,8,4,4,0,4,10,30,,strawju01
182,Amen Thompson,22,HOU,SF,4,0,85,9,23,0.391,2,6,0.333,7,17,0.412,0.435,10,13,0.769,6,11,17,5,1,2,12,10,30,,thompam01
183,Malaki Branham,21,SAS,SG,3,0,36,11,18,0.611,4,8,0.5,7,10,0.7,0.722,3,3,1,0,5,5,3,1,2,5,2,29,,branhma01
184,Keldon Johnson,25,SAS,SF,3,0,80,11,31,0.355,2,11,0.182,9,20,0.45,0.387,5,7,0.714,2,15,17,2,1,0,2,4,29,,johnske04
185,Zaccharie Risacher,19,ATL,SF,4,2,90,10,33,0.303,3,14,0.214,7,19,0.368,0.348,6,11,0.545,4,6,10,4,3,4,3,8,29,,risacza01
186,Cam Whitmore,20,HOU,SF,4,0,54,12,31,0.387,0,12,0,12,19,0.632,0.387,5,8,0.625,2,5,7,0,0,1,1,6,29,,whitmca01
187,Jalen Wilson,24,BRK,PF,4,0,82,7,17,0.412,4,12,0.333,3,5,0.6,0.529,11,11,1,3,9,12,7,2,0,3,13,29,,wilsoja03
188,Luguentz Dort,25,OKC,SG,3,3,82,9,19,0.474,5,11,0.455,4,8,0.5,0.605,5,5,1,2,4,6,2,3,1,1,8,28,,dortlu01
189,Marcus Smart,30,MEM,PG,4,4,93,8,34,0.235,3,18,0.167,5,16,0.313,0.279,9,11,0.818,5,5,10,13,6,3,7,11,28,,smartma01
190,Noah Clowney,20,BRK,PF,4,1,67,9,29,0.31,5,15,0.333,4,14,0.286,0.397,4,4,1,5,10,15,1,2,2,3,8,27,,clownno01
191,Tari Eason,23,HOU,SF,4,0,69,11,21,0.524,3,9,0.333,8,12,0.667,0.595,2,2,1,5,9,14,6,9,2,1,10,27,,easonta01
192,Herbert Jones,26,NOP,SF,4,4,113,12,25,0.48,2,11,0.182,10,14,0.714,0.52,1,2,0.5,4,6,10,4,7,1,5,9,27,,joneshe01
193,Jonathan Mogbo,23,TOR,PF,4,0,57,7,17,0.412,1,4,0.25,6,13,0.462,0.441,12,13,0.923,6,9,15,7,5,3,4,6,27,,mogbojo01
194,Dean Wade,28,CLE,PF,4,4,93,10,23,0.435,6,18,0.333,4,5,0.8,0.565,1,3,0.333,2,19,21,7,5,0,0,9,27,,wadede01
195,Patrick Williams,23,CHI,PF,4,4,111,10,36,0.278,5,17,0.294,5,19,0.263,0.347,2,3,0.667,6,16,22,8,4,3,6,3,27,,willipa01
196,Carlton Carrington,19,WAS,PG,3,2,72,7,19,0.368,5,10,0.5,2,9,0.222,0.5,7,8,0.875,0,8,8,8,1,2,5,11,26,,carrica01
197,Eric Gordon,36,PHI,SG,3,1,75,7,20,0.35,3,11,0.273,4,9,0.444,0.425,8,11,0.727,0,3,3,4,0,1,1,3,25,,gordoer01
198,Kevon Looney,28,GSW,PF,4,0,68,10,22,0.455,0,0,,10,22,0.455,0.455,5,8,0.625,20,16,36,8,6,3,4,13,25,,looneke01
199,Gary Payton II,32,GSW,PG,4,0,49,10,17,0.588,1,5,0.2,9,12,0.75,0.618,4,4,1,3,3,6,5,5,1,1,2,25,,paytoga02
200,Gary Harris,30,ORL,SG,4,0,69,8,19,0.421,8,17,0.471,0,2,0,0.632,0,0,,1,6,7,2,0,4,1,2,24,,harriga01
201,Sam Merrill,28,CLE,SG,4,0,73,7,21,0.333,6,19,0.316,1,2,0.5,0.476,4,4,1,1,4,5,6,3,0,1,10,24,,merrisa01
202,Cameron Payne,30,NYK,PG,3,0,53,10,26,0.385,4,12,0.333,6,14,0.429,0.462,0,1,0,3,5,8,8,2,0,2,5,24,,payneca01
203,Jabari Walker,22,POR,SF,4,0,58,8,19,0.421,1,6,0.167,7,13,0.538,0.447,7,7,1,6,11,17,0,0,1,2,9,24,,walkeja01
204,Grant Williams,26,CHO,PF,3,0,73,7,20,0.35,6,15,0.4,1,5,0.2,0.5,4,6,0.667,4,6,10,8,3,1,5,8,24,,willigr01
205,Ayo Dosunmu,25,CHI,SG,4,0,104,10,33,0.303,3,20,0.15,7,13,0.538,0.348,0,0,,2,20,22,18,0,2,5,8,23,,dosunay01
206,Dalton Knecht,23,LAL,SF,4,0,61,8,19,0.421,5,13,0.385,3,6,0.5,0.553,2,2,1,0,3,3,5,2,0,2,4,23,,knechda01
207,Brice Sensabaugh,21,UTA,SF,4,0,58,8,19,0.421,5,12,0.417,3,7,0.429,0.553,2,3,0.667,5,5,10,2,2,0,2,2,23,,sensabr01
208,Kris Dunn,30,LAC,PG,3,0,67,9,15,0.6,4,9,0.444,5,6,0.833,0.733,0,1,0,3,16,19,7,6,0,4,8,22,,dunnkr01
209,Simone Fontecchio,29,DET,SF,4,0,75,6,23,0.261,5,16,0.313,1,7,0.143,0.37,5,6,0.833,4,5,9,0,0,1,2,5,22,,fontesi01
210,Javonte Green,31,NOP,SG,4,0,79,7,11,0.636,2,4,0.5,5,7,0.714,0.727,6,7,0.857,5,9,14,2,5,2,3,5,22,,greenja02
211,Georges Niang,31,CLE,PF,4,0,70,8,21,0.381,6,16,0.375,2,5,0.4,0.524,0,0,,4,12,16,2,2,0,2,7,22,,niangge01
212,Chris Paul,39,SAS,PG,3,3,84,7,19,0.368,5,10,0.5,2,9,0.222,0.5,3,3,1,1,7,8,20,3,0,8,9,22,,paulch01
213,Ron Holland,19,DET,SF,4,0,53,9,22,0.409,1,9,0.111,8,13,0.615,0.432,2,2,1,1,12,13,2,2,1,2,8,21,,hollaro01
214,Cody Martin,29,CHO,SF,3,3,74,7,20,0.35,4,13,0.308,3,7,0.429,0.45,3,4,0.75,6,10,16,4,1,2,2,9,21,,martico01
215,Monte Morris,29,PHO,PG,4,0,45,6,15,0.4,3,9,0.333,3,6,0.5,0.5,6,8,0.75,2,4,6,8,3,0,1,1,21,,morrimo01
216,Alex Sarr,19,WAS,PF,3,3,74,8,28,0.286,3,16,0.188,5,12,0.417,0.339,2,2,1,7,13,20,3,2,6,1,9,21,,sarral01
217,RJ Barrett,24,TOR,SG,1,1,29,9,21,0.429,2,6,0.333,7,15,0.467,0.476,0,0,,1,4,5,3,0,0,2,5,20,,barrerj01
218,Kentavious Caldwell-Pope,31,ORL,SG,4,4,110,6,23,0.261,2,17,0.118,4,6,0.667,0.304,6,6,1,1,3,4,6,6,5,4,8,20,,caldwke01
219,Stephon Castle,20,SAS,PG,3,0,63,7,20,0.35,0,5,0,7,15,0.467,0.35,6,9,0.667,2,3,5,13,3,1,8,8,20,,castlst01
220,Zach Collins,27,SAS,PF,3,0,44,6,11,0.545,2,3,0.667,4,8,0.5,0.636,6,6,1,5,11,16,4,3,0,1,8,20,,colliza01
221,Pat Connaughton,32,MIL,SG,4,0,70,7,20,0.35,4,14,0.286,3,6,0.5,0.45,2,2,1,4,10,14,4,0,1,3,5,20,,connapa01
222,Jaxson Hayes,24,LAL,C,4,0,60,9,10,0.9,0,0,,9,10,0.9,0.9,2,2,1,5,11,16,5,1,2,4,10,20,,hayesja02
223,Kris Murray,24,POR,SF,4,0,65,7,16,0.438,3,7,0.429,4,9,0.444,0.531,3,8,0.375,4,3,7,4,0,0,4,2,20,,murrakr01
224,Daniel Theis,32,NOP,C,4,4,75,7,16,0.438,0,6,0,7,10,0.7,0.438,6,8,0.75,3,16,19,11,2,6,4,9,20,,theisda01
225,Marvin Bagley III,25,WAS,PF,3,0,23,7,13,0.538,0,3,0,7,10,0.7,0.538,5,7,0.714,7,7,14,1,0,1,3,1,19,,baglema01
226,Amir Coffey,27,LAC,SG,3,0,69,7,14,0.5,3,6,0.5,4,8,0.5,0.607,2,4,0.5,2,6,8,4,2,0,0,4,19,,coffeam01
227,Isaiah Jackson,23,IND,PF,3,0,43,8,15,0.533,0,0,,8,15,0.533,0.533,3,8,0.375,9,6,15,4,1,5,4,7,19,,jacksis01
228,Isaiah Joe,25,OKC,SG,3,1,48,7,21,0.333,5,15,0.333,2,6,0.333,0.452,0,0,,2,2,4,3,0,0,1,5,19,,joeis01
229,De'Anthony Melton,26,GSW,PG,3,0,50,7,20,0.35,4,15,0.267,3,5,0.6,0.45,1,2,0.5,1,3,4,8,3,2,3,10,19,,meltode01
230,Julian Phillips,21,CHI,SF,4,0,55,7,17,0.412,4,10,0.4,3,7,0.429,0.529,1,1,1,2,4,6,2,4,0,2,3,19,,phillju01
231,David Roddy,23,ATL,PF,2,0,39,7,9,0.778,2,3,0.667,5,6,0.833,0.889,3,5,0.6,2,9,11,5,1,1,0,0,19,,roddyda01
232,Guerschon Yabusele,29,PHI,PF,3,0,60,7,18,0.389,1,8,0.125,6,10,0.6,0.417,4,6,0.667,7,7,14,8,4,1,7,12,19,,yabusgu01
233,Vit Krejci,24,ATL,PG,4,0,56,6,14,0.429,2,7,0.286,4,7,0.571,0.5,4,7,0.571,1,4,5,4,3,1,4,9,18,,krejcvi01
234,Jock Landale,29,HOU,C,3,0,31,7,11,0.636,1,1,1,6,10,0.6,0.682,3,4,0.75,4,4,8,2,0,0,0,1,18,,landajo01
235,Ben Sheppard,23,IND,SG,4,0,56,7,13,0.538,4,8,0.5,3,5,0.6,0.692,0,0,,1,4,5,2,0,1,0,10,18,,sheppbe01
236,Jarace Walker,21,IND,PF,4,0,33,6,11,0.545,2,6,0.333,4,5,0.8,0.636,4,4,1,2,4,6,4,3,0,2,6,18,,walkeja02
237,Cason Wallace,21,OKC,SG,3,1,76,8,24,0.333,1,9,0.111,7,15,0.467,0.354,1,1,1,3,11,14,3,8,0,2,4,18,,wallaca01
238,Thomas Bryant,27,MIA,C,3,0,41,6,10,0.6,2,5,0.4,4,5,0.8,0.7,3,3,1,1,5,6,4,1,2,1,4,17,,bryanth01
239,Donovan Clingan,20,POR,C,4,0,52,7,11,0.636,0,0,,7,11,0.636,0.636,3,4,0.75,9,14,23,0,1,8,3,9,17,,clingdo01
240,Ousmane Dieng,21,OKC,SF,3,0,42,6,15,0.4,3,10,0.3,3,5,0.6,0.5,2,3,0.667,0,10,10,1,0,2,0,1,17,,diengou01
241,A.J. Green,25,MIL,SG,4,0,31,5,10,0.5,5,10,0.5,0,0,,0.75,2,2,1,0,2,2,3,1,0,1,1,17,,greenaj01
242,Mason Plumlee,34,PHO,C,4,0,69,6,7,0.857,0,0,,6,7,0.857,0.857,5,8,0.625,4,16,20,4,1,2,1,11,17,,plumlma01
243,Draymond Green,34,GSW,PF,4,4,96,5,13,0.385,3,7,0.429,2,6,0.333,0.5,3,4,0.75,1,15,16,16,5,4,7,14,16,,greendr01
244,Duncan Robinson,30,MIA,SF,3,0,51,6,23,0.261,4,17,0.235,2,6,0.333,0.348,0,0,,0,2,2,2,0,2,1,6,16,,robindu01
245,Peyton Watson,22,DEN,SG,4,0,62,5,20,0.25,1,7,0.143,4,13,0.308,0.275,5,6,0.833,3,7,10,3,1,3,1,7,16,,watsope01
246,Quentin Grimes,24,DAL,SG,4,0,46,5,15,0.333,3,8,0.375,2,7,0.286,0.433,2,2,1,1,5,6,1,1,1,2,6,15,,grimequ01
247,Larry Nance Jr.,32,ATL,PF,1,0,23,6,9,0.667,3,5,0.6,3,4,0.75,0.833,0,0,,3,0,3,4,2,1,1,4,15,,nancela02
248,Ben Simmons,28,BRK,PG,3,3,72,6,12,0.5,0,0,,6,12,0.5,0.5,3,4,0.75,4,13,17,17,2,2,12,14,15,,simmobe01
249,Cody Williams,20,UTA,SG,4,1,90,5,18,0.278,3,12,0.25,2,6,0.333,0.361,2,2,1,2,9,11,4,3,1,4,6,15,,willico04
250,Lonzo Ball,27,CHI,PG,3,0,47,5,14,0.357,4,12,0.333,1,2,0.5,0.5,0,0,,0,8,8,11,0,1,3,4,14,,balllo01
251,Jared Butler,24,WAS,SG,2,0,20,5,10,0.5,1,2,0.5,4,8,0.5,0.55,3,4,0.75,0,1,1,5,2,1,0,2,14,,butleja02
252,Brandon Clarke,28,MEM,PF,4,0,57,6,19,0.316,0,4,0,6,15,0.4,0.316,2,3,0.667,4,11,15,2,2,0,3,6,14,,clarkbr01
253,Spencer Dinwiddie,31,DAL,PG,3,0,44,4,10,0.4,4,9,0.444,0,1,0,0.6,2,4,0.5,0,3,3,3,1,1,2,5,14,,dinwisp01
254,Bruno Fernando,26,TOR,C,3,0,35,5,12,0.417,0,0,,5,12,0.417,0.417,4,4,1,8,8,16,2,1,3,6,9,14,,fernabr01
255,Taylor Hendricks,21,UTA,PF,3,3,75,4,18,0.222,3,12,0.25,1,6,0.167,0.306,3,4,0.75,5,10,15,2,5,4,2,8,14,,hendrita0
256,Jett Howard,21,ORL,SF,4,0,27,5,11,0.455,4,9,0.444,1,2,0.5,0.636,0,0,,1,4,5,1,0,0,0,3,14,,howarje01
257,Dejounte Murray,28,NOP,PG,1,1,30,4,15,0.267,0,3,0,4,12,0.333,0.267,6,7,0.857,0,8,8,10,1,0,1,0,14,,murrade01
258,Blake Wesley,21,SAS,SG,3,0,27,5,12,0.417,1,3,0.333,4,9,0.444,0.458,3,4,0.75,2,1,3,6,0,0,1,1,14,,weslebl01
259,Jaden Hardy,22,DAL,SG,4,0,43,4,12,0.333,3,9,0.333,1,3,0.333,0.458,2,2,1,1,2,3,3,0,1,4,5,13,,hardyja02
260,Haywood Highsmith,28,MIA,SF,2,0,51,6,12,0.5,1,4,0.25,5,8,0.625,0.542,0,1,0,2,7,9,3,4,1,1,4,13,,highsha01
261,Trey Lyles,29,SAC,PF,4,0,65,4,16,0.25,3,13,0.231,1,3,0.333,0.344,2,2,1,1,11,12,3,4,4,1,7,13,,lylestr01
262,KJ Martin,24,PHI,SF,3,1,61,5,7,0.714,1,1,1,4,6,0.667,0.786,2,4,0.5,4,7,11,4,2,1,0,11,13,,martike04
263,Kevin Porter Jr.,24,LAC,SG,3,0,45,5,25,0.2,1,9,0.111,4,16,0.25,0.22,2,2,1,2,4,6,6,3,0,6,6,13,,porteke02
264,Immanuel Quickley,25,TOR,PG,1,1,14,4,9,0.444,2,4,0.5,2,5,0.4,0.556,3,4,0.75,0,2,2,4,1,0,2,2,13,,quickim01
265,Xavier Tillman Sr.,26,BOS,PF,4,0,66,5,15,0.333,3,9,0.333,2,6,0.333,0.433,0,0,,4,10,14,4,2,0,3,6,13,,tillmxa01
266,Jose Alvarado,26,NOP,PG,4,0,63,4,13,0.308,2,9,0.222,2,4,0.5,0.385,2,2,1,1,1,2,15,6,1,6,9,12,,alvarjo01
267,Max Christie,21,LAL,SG,4,0,64,4,12,0.333,2,7,0.286,2,5,0.4,0.417,2,2,1,2,5,7,5,2,2,3,11,12,,chrisma02
268,Kyle Filipowski,21,UTA,C,3,0,34,5,11,0.455,2,6,0.333,3,5,0.6,0.545,0,2,0,2,7,9,4,1,0,2,3,12,,filipky01
269,John Konchar,28,MEM,SG,2,0,37,3,4,0.75,3,4,0.75,0,0,,1.125,3,4,0.75,3,8,11,3,2,1,1,4,12,,konchjo01
270,Naji Marshall,27,DAL,SF,4,0,68,4,18,0.222,0,6,0,4,12,0.333,0.222,4,4,1,2,10,12,11,4,0,1,4,12,,marshna01
271,Neemias Queta,25,BOS,C,3,0,20,5,8,0.625,0,1,0,5,7,0.714,0.625,2,2,1,4,3,7,0,0,0,1,5,12,,quetane01
272,Gabe Vincent,28,LAL,PG,4,0,70,5,16,0.313,2,9,0.222,3,7,0.429,0.375,0,0,,1,3,4,2,4,0,2,6,12,,vincega01
273,Grayson Allen,29,PHO,SG,2,0,34,3,9,0.333,3,8,0.375,0,1,0,0.5,2,2,1,1,2,3,3,1,1,1,5,11,,allengr01
274,Jeremiah Robinson-Earl,24,NOP,PF,4,0,26,4,6,0.667,3,4,0.75,1,2,0.5,0.917,0,0,,1,3,4,1,1,0,2,2,11,,robinje02
275,Kyle Anderson,31,GSW,SF,4,0,57,4,18,0.222,1,11,0.091,3,7,0.429,0.25,1,2,0.5,6,8,14,10,9,1,2,2,10,,anderky01
276,Keon Ellis,25,SAC,SG,3,0,43,3,8,0.375,1,4,0.25,2,4,0.5,0.438,3,4,0.75,2,6,8,3,5,4,3,7,10,,elliske01
277,Sam Hauser,27,BOS,PF,1,0,24,4,10,0.4,2,7,0.286,2,3,0.667,0.5,0,0,,1,4,5,1,0,0,0,2,10,,hausesa01
278,Terance Mann,28,LAC,SG,3,3,66,5,15,0.333,0,4,0,5,11,0.455,0.333,0,3,0,2,7,9,5,2,0,2,11,10,,mannte01
279,Isaac Okoro,24,CLE,SG,4,0,65,3,10,0.3,0,2,0,3,8,0.375,0.3,4,7,0.571,4,5,9,7,3,3,2,6,10,,okorois01
280,Rayan Rupert,20,POR,SG,3,0,32,4,6,0.667,0,1,0,4,5,0.8,0.667,2,2,1,2,4,6,2,4,0,2,3,10,,ruperra01
281,Reed Sheppard,20,HOU,SG,4,0,38,4,12,0.333,2,6,0.333,2,6,0.333,0.417,0,0,,1,2,3,7,1,1,4,4,10,,sheppre01
282,Isaiah Stewart,23,DET,C,4,0,67,4,8,0.5,0,1,0,4,7,0.571,0.5,2,2,1,11,16,27,8,3,2,9,14,10,,stewais01
283,Patrick Baldwin Jr.,22,WAS,SF,2,0,13,4,8,0.5,1,3,0.333,3,5,0.6,0.563,0,0,,1,3,4,1,0,1,0,2,9,,baldwpa01
284,Alec Burks,33,MIA,SG,2,0,34,3,5,0.6,3,4,0.75,0,1,0,0.9,0,0,,0,3,3,2,0,1,0,0,9,,burksal01
285,Moussa Diabaté,23,CHO,PF,3,0,33,4,8,0.5,0,0,,4,8,0.5,0.5,1,4,0.25,5,6,11,0,1,2,1,3,9,,diabamo01
286,Kyshawn George,21,WAS,SG,3,0,68,3,16,0.188,1,11,0.091,2,5,0.4,0.219,2,4,0.5,2,7,9,7,1,5,3,13,9,,georgky01
287,Cole Anthony,24,ORL,PG,4,0,56,3,16,0.188,1,10,0.1,2,6,0.333,0.219,1,2,0.5,2,7,9,11,4,1,8,7,8,,anthoco01
288,Nicolas Batum,36,LAC,SF,3,0,61,2,6,0.333,1,5,0.2,1,1,1,0.417,3,4,0.75,3,7,10,7,1,1,2,9,8,,batumni01
289,Bogdan Bogdanović,32,ATL,SG,1,0,28,2,6,0.333,2,6,0.333,0,0,,0.5,2,2,1,0,2,2,2,0,2,2,3,8,,bogdabo01
290,Luke Kornet,29,BOS,C,4,0,65,4,7,0.571,0,0,,4,7,0.571,0.571,0,0,,6,6,12,6,2,3,2,6,8,,kornelu01
291,Jared McCain,20,PHI,PG,3,0,25,4,8,0.5,0,3,0,4,5,0.8,0.5,0,0,,2,3,5,2,0,0,1,1,8,,mccaija01
292,Doug McDermott,33,SAC,SF,3,0,12,2,7,0.286,2,6,0.333,0,1,0,0.429,2,3,0.667,0,0,0,0,0,0,0,2,8,,mcderdo01
293,MarJon Beauchamp,24,MIL,SF,4,0,9,2,6,0.333,1,4,0.25,1,2,0.5,0.417,2,2,1,0,0,0,0,1,0,3,3,7,,beaucma01
294,Ricky Council IV,23,PHI,SG,2,0,13,1,4,0.25,1,2,0.5,0,2,0,0.375,4,4,1,0,1,1,0,0,0,1,1,7,,councri01
295,Tyler Kolek,23,NYK,PG,2,0,9,1,2,0.5,1,1,1,0,1,0,0.75,4,4,1,0,0,0,0,0,0,3,0,7,,kolekty01
296,Vasilije Micić,31,CHO,PG,3,0,45,3,18,0.167,1,7,0.143,2,11,0.182,0.194,0,0,,5,6,11,3,1,0,4,2,7,,micicva01
297,Patty Mills,36,UTA,PG,4,0,62,3,10,0.3,1,7,0.143,2,3,0.667,0.35,0,0,,0,3,3,3,3,2,1,4,7,,millspa02
298,Tyler Smith,20,MIL,PF,4,0,10,3,5,0.6,1,3,0.333,2,2,1,0.7,0,0,,1,2,3,0,0,0,0,1,7,,smithty02
299,Jaylon Tyson,22,CLE,SG,3,0,16,2,4,0.5,2,2,1,0,2,0,0.75,1,2,0.5,0,3,3,1,0,0,3,7,7,,tysonja01
300,Delon Wright,32,MIL,PG,4,0,49,3,8,0.375,1,4,0.25,2,4,0.5,0.438,0,0,,0,2,2,4,2,1,2,2,7,,wrighde01
301,Steven Adams,31,HOU,C,1,0,14,3,3,1,0,0,,3,3,1,1,0,1,0,1,2,3,0,0,0,1,3,6,,adamsst01
302,Chris Duarte,27,CHI,SG,2,0,6,2,2,1,2,2,1,0,0,,1.5,0,0,,0,0,0,1,0,0,0,0,6,,duartch01
303,Adam Flagler,25,OKC,SG,3,0,6,2,2,1,2,2,1,0,0,,1.5,0,0,,0,1,1,0,1,0,0,1,6,,flaglad01
304,Caleb Houstan,22,ORL,SF,2,0,10,2,3,0.667,2,3,0.667,0,0,,1,0,0,,0,1,1,0,0,0,0,2,6,,houstca01
305,Kai Jones,24,LAC,C,3,0,21,3,6,0.5,0,0,,3,6,0.5,0.5,0,0,,3,4,7,1,0,1,0,3,6,,joneska01
306,Brandon Miller,22,CHO,SF,1,1,11,2,4,0.5,1,2,0.5,1,2,0.5,0.625,1,1,1,1,0,1,1,1,0,1,0,6,,millebr02
307,Shake Milton,28,BRK,SG,4,0,41,2,8,0.25,2,7,0.286,0,1,0,0.375,0,0,,0,2,2,5,1,0,0,5,6,,miltosh01
308,Jericho Sims,26,NYK,C,3,0,43,3,4,0.75,0,0,,3,4,0.75,0.75,0,0,,4,8,12,1,0,2,1,2,6,,simsje01
309,James Wiseman,23,IND,C,1,0,5,2,4,0.5,0,1,0,2,3,0.667,0.5,2,2,1,0,1,1,0,0,0,0,0,6,,wisemja01
310,Dalano Banton,25,POR,SF,3,0,13,2,5,0.4,1,2,0.5,1,3,0.333,0.5,0,3,0,0,2,2,2,0,0,1,0,5,,bantoda01
311,Goga Bitadze,25,ORL,C,3,0,17,2,4,0.5,0,1,0,2,3,0.667,0.5,1,2,0.5,2,3,5,1,0,1,2,1,5,,bitadgo01
312,Matas Buzelis,20,CHI,SF,4,0,24,2,10,0.2,0,5,0,2,5,0.4,0.2,1,2,0.5,1,2,3,3,1,0,1,5,5,,buzelma01
313,Alex Caruso,30,OKC,PG,3,0,62,2,10,0.2,1,6,0.167,1,4,0.25,0.25,0,1,0,3,7,10,7,5,4,3,6,5,,carusal01
314,Josh Green,24,CHO,SG,1,0,18,2,5,0.4,1,3,0.333,1,2,0.5,0.5,0,0,,1,2,3,2,1,1,0,4,5,,greenjo02
315,Maxi Kleber,33,DAL,PF,2,0,31,2,5,0.4,1,2,0.5,1,3,0.333,0.5,0,0,,0,5,5,3,0,1,0,3,5,,klebima01
316,Alex Len,31,SAC,C,4,0,27,2,5,0.4,0,1,0,2,4,0.5,0.4,1,2,0.5,0,9,9,5,1,2,3,4,5,,lenal01
317,Dario Šarić,30,DEN,PF,4,0,39,2,9,0.222,0,1,0,2,8,0.25,0.222,1,2,0.5,2,4,6,1,1,0,2,3,5,,saricda01
318,Dalen Terry,22,CHI,SG,4,0,31,1,2,0.5,0,0,,1,2,0.5,0.5,3,4,0.75,1,1,2,2,3,1,2,6,5,,terryda01
319,Drew Eubanks,27,UTA,C,2,0,10,1,2,0.5,1,1,1,0,1,0,0.75,1,2,0.5,2,1,3,3,0,0,0,0,4,,eubandr01
320,Enrique Freeman,24,IND,PF,2,0,16,1,1,1,0,0,,1,1,1,1,2,2,1,1,0,1,0,0,1,1,2,4,,freemen01
321,Andre Jackson Jr.,23,MIL,SG,3,0,13,2,3,0.667,0,1,0,2,2,1,0.667,0,0,,1,2,3,3,2,0,1,5,4,,jacksan01
322,Ajay Mitchell,22,OKC,SG,3,0,37,2,9,0.222,0,1,0,2,8,0.25,0.222,0,0,,0,5,5,7,2,1,2,3,4,,mitchaj01
323,Craig Porter Jr.,24,CLE,PG,3,0,13,2,5,0.4,0,2,0,2,3,0.667,0.4,0,0,,0,2,2,2,0,2,0,0,4,,portecr01
324,Baylor Scheierman,24,BOS,SG,2,0,10,1,3,0.333,0,2,0,1,1,1,0.333,2,2,1,0,1,1,0,0,0,0,1,4,,scheiba01
325,Pat Spencer,28,GSW,PG,1,0,3,2,3,0.667,0,0,,2,3,0.667,0.667,0,0,,0,0,0,0,0,0,0,0,4,,spencpa01
326,Jamal Cain,25,NOP,SF,1,0,3,1,1,1,1,1,1,0,0,,1.5,0,0,,0,0,0,0,0,0,0,0,3,,cainja01
327,D.J. Carton,24,TOR,SG,3,0,28,1,7,0.143,0,3,0,1,4,0.25,0.143,1,1,1,0,4,4,3,2,0,4,1,3,,cartodj01
328,Pacome Dadiet,19,NYK,SG,2,0,18,1,4,0.25,1,2,0.5,0,2,0,0.375,0,0,,0,2,2,0,0,0,1,2,3,,dadiepa01
329,Collin Gillespie,25,PHO,PG,1,0,3,1,2,0.5,1,1,1,0,1,0,0.75,0,0,,0,0,0,0,0,0,0,0,3,,gilleco01
330,Jonathan Isaac,27,ORL,PF,1,0,11,1,4,0.25,1,2,0.5,0,2,0,0.375,0,2,0,2,1,3,0,1,2,0,1,3,,isaacjo01
331,Tre Jones,25,SAS,PG,1,0,16,0,2,0,0,0,,0,2,0,0,3,4,0.75,1,0,1,3,1,0,0,0,3,,jonestr01
332,Cory Joseph,33,ORL,PG,2,0,10,1,3,0.333,1,2,0.5,0,1,0,0.5,0,0,,0,0,0,1,0,0,0,0,3,,josepco01
333,Jaylen Martin,21,BRK,SF,1,0,2,1,1,1,1,1,1,0,0,,1.5,0,0,,0,0,0,0,0,0,0,1,3,,martija02
334,Duop Reath,28,POR,C,3,0,9,1,4,0.25,1,2,0.5,0,2,0,0.375,0,0,,1,1,2,2,0,1,1,0,3,,reathdu01
335,Gui Santos,22,GSW,PF,3,0,14,1,1,1,0,0,,1,1,1,1,1,2,0.5,0,4,4,2,0,0,2,3,3,,santogu01
336,Jeenathan Williams,25,HOU,SG,1,0,2,1,1,1,1,1,1,0,0,,1.5,0,0,,0,2,2,0,0,0,0,0,3,,willije02
337,Adem Bona,21,PHI,PF,2,0,4,1,1,1,0,0,,1,1,1,1,0,0,,1,0,1,0,0,0,0,2,2,,bonaad01
338,Ulrich Chomche,19,TOR,PF,1,0,5,1,1,1,0,0,,1,1,1,1,0,0,,0,1,1,0,0,0,0,0,2,,chomcul01
339,Johnny Davis,22,WAS,SG,2,0,10,1,4,0.25,0,1,0,1,3,0.333,0.25,0,0,,1,0,1,1,0,0,0,2,2,,davisjo06
340,Anthony Gill,32,WAS,PF,1,0,3,1,2,0.5,0,0,,1,2,0.5,0.5,0,0,,0,0,0,1,1,0,1,0,2,,gillan01
341,Mouhamed Gueye,22,ATL,PF,1,0,3,1,2,0.5,0,1,0,1,1,1,0.5,0,0,,0,0,0,0,0,0,0,0,2,,gueyemo02
342,Talen Horton-Tucker,24,CHI,SG,3,0,13,0,1,0,0,0,,0,1,0,0,2,4,0.5,1,3,4,1,0,0,3,0,2,,hortota01
343,Oso Ighodaro,22,PHO,PF,3,0,26,1,2,0.5,0,0,,1,2,0.5,0.5,0,0,,2,6,8,0,0,1,2,5,2,,ighodos01
344,Quenton Jackson,26,IND,PG,1,0,4,0,1,0,0,1,0,0,0,,0,2,2,1,1,0,1,2,1,0,0,1,2,,jacksqu01
345,AJ Johnson,20,MIL,SG,3,0,6,1,3,0.333,0,0,,1,3,0.333,0.333,0,0,,0,1,1,0,0,0,0,0,2,,johnsaj01
346,James Johnson,37,IND,PF,1,0,4,1,1,1,0,0,,1,1,1,1,0,0,,0,0,0,1,0,1,1,0,2,,johnsja01
347,Keon Johnson,22,BRK,SG,3,0,19,1,7,0.143,0,5,0,1,2,0.5,0.143,0,0,,0,3,3,0,0,0,1,3,2,,johnske07
348,Pelle Larsson,23,MIA,SG,1,0,6,1,1,1,0,0,,1,1,1,1,0,0,,0,0,0,0,1,0,0,0,2,,larsspe01
349,Damion Lee,32,PHO,SG,1,0,18,1,3,0.333,0,2,0,1,1,1,0.333,0,0,,0,3,3,2,0,0,1,1,2,,leeda03
350,Karlo Matković,23,NOP,PF,2,0,5,1,1,1,0,0,,1,1,1,1,0,0,,3,1,4,0,0,1,2,1,2,,matkoka01
351,Dwight Powell,33,DAL,C,3,0,4,1,1,1,0,0,,1,1,1,1,0,0,,1,0,1,0,0,0,0,1,2,,poweldw01
352,Alex Reese,25,OKC,PF,1,0,2,1,1,1,0,0,,1,1,1,1,0,0,,1,0,1,0,0,0,0,0,2,,reeseal01
353,Ryan Rollins,22,MIL,PG,3,0,6,0,0,,0,0,,0,0,,,2,2,1,0,0,0,0,0,0,0,2,2,,rolliry01
354,Marcus Sasser,24,DET,PG,2,0,5,1,1,1,0,0,,1,1,1,1,0,0,,1,1,2,2,0,0,0,0,2,,sassema01
355,Garrett Temple,38,TOR,SG,2,0,9,1,2,0.5,0,1,0,1,1,1,0.5,0,0,,0,0,0,2,1,0,0,2,2,,templga01
356,Tristan Thompson,33,CLE,PF,2,0,14,1,2,0.5,0,0,,1,2,0.5,0.5,0,4,0,0,2,2,0,0,0,1,1,2,,thomptr01
357,Keaton Wallace,25,ATL,PG,2,0,5,0,1,0,0,0,,0,1,0,0,2,2,1,0,1,1,0,0,0,0,0,2,,wallake01
358,Jordan Walsh,20,BOS,SF,3,0,29,1,7,0.143,0,5,0,1,2,0.5,0.143,0,0,,1,2,3,1,0,1,0,2,2,,walshjo01
359,Yongxi Cui,21,BRK,SG,1,0,2,0,0,,0,0,,0,0,,,1,2,0.5,0,0,0,0,0,0,0,0,1,,cuiyo01
360,Jaden Springer,22,BOS,PG,2,0,7,0,1,0,0,0,,0,1,0,0,1,2,0.5,2,1,3,1,0,0,1,0,1,,sprinja01
361,Trey Alexander,21,DEN,SG,1,0,2,0,0,,0,0,,0,0,,,0,0,,0,1,1,0,0,0,0,0,0,,alexatr01
362,Charles Bassey,24,SAS,C,1,0,6,0,0,,0,0,,0,0,,,0,0,,0,1,1,1,1,1,0,0,0,,bassech01
363,Reece Beekman,23,GSW,PG,1,0,3,0,0,,0,0,,0,0,,,0,0,,0,0,0,1,1,0,0,1,0,,beekmre01
364,Brandon Boston Jr.,23,NOP,SG,1,0,3,0,0,,0,0,,0,0,,,0,0,,0,0,0,1,0,0,0,0,0,,bostobr01
365,Vlatko Čančar,27,DEN,PF,1,0,2,0,0,,0,0,,0,0,,,0,0,,0,1,1,0,0,0,0,0,0,,cancavl01
366,Jevon Carter,29,CHI,PG,1,0,4,0,1,0,0,1,0,0,0,,0,0,0,,0,0,0,1,1,0,0,0,0,,carteje01
367,Justin Champagnie,23,WAS,SF,1,0,4,0,0,,0,0,,0,0,,,0,0,,1,1,2,1,0,0,0,3,0,,champju01
368,Tristan Da Silva,23,ORL,SF,1,0,5,0,1,0,0,1,0,0,0,,0,0,0,,0,0,0,0,0,0,1,0,0,,dasiltr01
369,JD Davison,22,BOS,PG,1,0,8,0,1,0,0,1,0,0,0,,0,0,0,,0,1,1,1,0,0,3,1,0,,davisjd01
370,Jeff Dowtin,27,PHI,PG,1,0,3,0,0,,0,0,,0,0,,,0,0,,0,0,0,0,0,0,0,0,0,,dowtije01
371,Alex Ducas,24,OKC,SG,3,0,6,0,3,0,0,2,0,0,1,0,0,0,0,,0,0,0,0,0,0,0,0,0,,ducasal01
372,Kessler Edwards,24,DAL,SF,1,0,1,0,0,,0,0,,0,0,,,0,0,,0,0,0,0,0,0,0,0,0,,edwarke02
373,Johnny Furphy,20,IND,SG,1,0,5,0,3,0,0,1,0,0,2,0,0,0,0,,0,0,0,0,0,0,0,0,0,,furphjo01
374,Jazian Gortman,21,DAL,PG,1,0,1,0,0,,0,0,,0,0,,,0,0,,0,0,0,0,0,0,1,0,0,,gortmja01
375,Aaron Holiday,28,HOU,PG,1,0,2,0,1,0,0,1,0,0,0,,0,0,0,,0,0,0,1,0,0,0,0,0,,holidaa01
376,Ariel Hukporti,22,NYK,C,3,0,24,0,1,0,0,0,,0,1,0,0,0,0,,0,7,7,0,0,4,2,2,0,,hukpoar01
377,Joe Ingles,37,MIN,SF,4,0,22,0,2,0,0,2,0,0,0,,0,0,0,,1,0,1,7,0,0,0,5,0,,inglejo01
378,Reggie Jackson,34,PHI,PG,1,0,3,0,1,0,0,0,,0,1,0,0,0,0,,0,0,0,0,0,0,1,0,0,,jacksre01
379,Bronny James,20,LAL,SG,1,0,3,0,2,0,0,1,0,0,1,0,0,0,0,,1,0,1,0,0,0,0,0,0,,jamesbr02
380,Daniss Jenkins,23,DET,PG,1,0,1,0,1,0,0,1,0,0,0,,0,0,0,,0,0,0,0,0,0,0,0,0,,jenkida01
381,Colby Jones,22,SAC,SG,2,0,6,0,0,,0,0,,0,0,,,0,0,,0,0,0,0,0,1,1,0,0,,jonesco02
382,Dillon Jones,23,OKC,SF,3,0,7,0,1,0,0,1,0,0,0,,0,0,0,,0,1,1,0,1,0,1,1,0,,jonesdi01
383,Isaac Jones,24,SAC,PF,2,0,5,0,1,0,0,0,,0,1,0,0,0,0,,0,0,0,0,0,0,0,2,0,,jonesis01
384,Johnny Juzang,23,UTA,SG,1,0,7,0,2,0,0,2,0,0,0,,0,0,0,,0,0,0,0,1,0,0,1,0,,juzanjo01
385,Yuki Kawamura,23,MEM,PG,2,0,6,0,2,0,0,2,0,0,0,,0,0,0,,0,0,0,1,0,0,1,0,0,,kawamyu01
386,Sandro Mamukelashvili,25,SAS,PF,1,0,6,0,0,,0,0,,0,0,,,0,0,,0,3,3,0,0,1,1,1,0,,mamuksa01
387,Mac McClung,26,ORL,SG,1,0,5,0,0,,0,0,,0,0,,,0,0,,0,1,1,2,0,0,0,0,0,,mccluma01
388,Jordan McLaughlin,28,SAC,PG,3,0,12,0,1,0,0,0,,0,1,0,0,0,0,,0,0,0,2,0,0,2,3,0,,mclaujo01
389,Dariq Whitehead,20,BRK,SF,1,0,2,0,0,,0,0,,0,0,,,0,0,,0,1,1,0,0,0,2,0,0,,whiteda01
390,Wendell Moore Jr.,23,DET,SG,1,0,1,0,0,,0,0,,0,0,,,0,0,,0,0,0,0,0,0,0,0,0,,moorewe01
391,Zeke Nnaji,24,DEN,PF,1,0,2,0,1,0,0,1,0,0,0,,0,0,0,,0,0,0,0,0,0,0,0,0,,nnajize01
392,Drew Peterson,25,BOS,PF,2,0,6,0,1,0,0,1,0,0,0,,0,0,0,,0,1,1,0,1,2,1,0,0,,peterdr01
393,Jalen Pickett,25,DEN,SG,1,0,2,0,1,0,0,1,0,0,0,,0,0,0,,0,0,0,0,0,0,0,0,0,,pickeja02
394,Olivier-Maxence Prosper,22,DAL,PF,3,0,7,0,0,,0,0,,0,0,,,0,0,,0,0,0,0,0,0,0,1,0,,prospol01
395,Trevelin Queen,27,ORL,SG,1,0,3,0,0,,0,0,,0,0,,,0,0,,0,0,0,0,0,0,1,0,0,,queentr01
396,Lester Quiñones,24,PHI,SG,1,0,3,0,1,0,0,1,0,0,0,,0,0,0,,1,0,1,1,0,0,0,0,0,,quinole01
397,Paul Reed,25,DET,PF,1,0,7,0,0,,0,0,,0,0,,,0,0,,1,0,1,1,0,0,2,0,0,,reedpa01
398,Antonio Reeves,24,NOP,SG,2,0,5,0,6,0,0,4,0,0,2,0,0,0,0,,0,1,1,0,0,0,1,0,0,,reevean01
399,Tidjane Salaün,19,CHO,PF,1,0,9,0,1,0,0,1,0,0,0,,0,0,0,,0,1,1,0,1,0,1,1,0,,salauti01
400,Dru Smith,27,MIA,SG,2,0,9,0,1,0,0,0,,0,1,0,0,0,0,,2,0,2,2,0,1,1,3,0,,smithdr01
401,Jae'Sean Tate,29,HOU,SF,1,0,2,0,0,,0,0,,0,0,,,0,0,,0,1,1,1,0,0,0,1,0,,tateja01
402,Jacob Toppin,24,NYK,SF,2,0,5,0,1,0,0,1,0,0,0,,0,0,0,,0,0,0,0,0,0,0,0,0,,toppija01
403,Hunter Tyson,24,DEN,PF,1,0,2,0,1,0,0,1,0,0,0,,0,0,0,,0,1,1,0,0,0,0,0,0,,tysonhu01
404,Kel'el Ware,20,MIA,C,1,0,6,0,1,0,0,1,0,0,0,,0,0,0,,0,1,1,0,0,0,1,1,0,,wareke01
405,Brandon Williams,25,DAL,PG,1,0,1,0,1,0,0,0,,0,1,0,0,0,0,,0,0,0,0,0,0,0,0,0,,willibr03