id,name,artists,year,popularity
0dfdXhBg11XA16XgAEtFcN,Song to Woody,Bob Dylan,1962,46
3yFRbFaSj8MeNuYaN21HIu,House of the Risin' Sun,Bob Dylan,1962,46
3SF5puV5eb6bgRSxBeMOk9,Man of Constant Sorrow,Bob Dylan,1962,37
1EDjgsFptABkWWjdEbCjwJ,"Baby, Let Me Follow You Down",Bob Dylan,1962,35
0udZHhCi7p1YzMlvI4fXoK,In My Time of Dyin',Bob Dylan,1962,35
1X6dRpq3Wi6Jxthi8ZBBBz,Talkin' New York,Bob Dylan,1962,34
6ixNehh9DrMM9vYhN93foh,You're No Good,Bob Dylan,1962,34
7CviZOg1GotsImZjY4nrET,See That My Grave Is Kept Clean,Bob Dylan,1962,33
2AyqRzXZ6ZmHcfZ1Mu4Vsj,Fixin' to Die,Bob Dylan,1962,32
6wrEYf9IyrjaLccRBhrsCO,Highway 51 Blues,Bob Dylan,1962,31
4aFM4HgUGRM1cB75qbh2Su,Pretty Peggy-O,Bob Dylan,1962,30
1v4EF7zZLvC8XkcEncOTue,Freight Train Blues,Bob Dylan,1962,30
3qjiLjxJ4AZvLOtiE8znrD,Gospel Plow,Bob Dylan,1962,29
18GiV1BaXzPVYpp9rmOg0E,Blowin' in the Wind,Bob Dylan,1963,71
2WOjLF83vqjit2Zh4B69V3,"Don't Think Twice, It's All Right",Bob Dylan,1963,67
7ny2ATvjtKszCpLpfsGnVQ,A Hard Rain's A-Gonna Fall,Bob Dylan,1963,56
739sLmfUkVFoyPtb0C3263,Girl from the North Country,Bob Dylan,1963,52
7xVpkVkd1klTzLJEysIR7z,Masters of War,Bob Dylan,1963,52
7Ay1lHxhuM33NoXKsS0iom,Oxford Town,Bob Dylan,1963,46
1L4RtuEiAiwdX5taX4meLI,"Corrina, Corrina",Bob Dylan,1963,44
4MNxOR2Fu4NqJ892UdYx0h,Bob Dylan's Dream,Bob Dylan,1963,43
7fzLfsWsXVvStzsk9yRfbG,Down the Highway,Bob Dylan,1963,42
1xa66kvw6zwboiW7c8W9t8,Bob Dylan's Blues,Bob Dylan,1963,41
0ePDsEDDIPZNpbwRUEXKoX,Talkin' World War III Blues,Bob Dylan,1963,41
0D7qLnnev1iKpH5RNT7YsD,I Shall Be Free,Bob Dylan,1963,41
71XTdtW3bvmIrotG8yYVMS,"Honey, Just Allow Me One More Chance",Bob Dylan,1963,39
1albHYDB48jL8MuV75ffPA,Tomorrow Is a Long Time - Witmark Demo - 1962,Bob Dylan,1963,39
4IBqtixfYBrw4woH1ssYxA,Farewell - Witmark Demo - 1963,Bob Dylan,1963,32
6qMUnzlt6ELNmYqbxXtEpP,"Don't Think Twice, It's All Right - Witmark Demo - 1963",Bob Dylan,1963,31
45xWBubNgQp0IIaiQAlt1I,Blowin' In the Wind - Witmark Demo - 1962,Bob Dylan,1963,29
1Vzgr8q0YRNpj5bk89YB6y,The Death of Emmett Till - Witmark Demo - 1962,Bob Dylan,1963,25
52vA3CYKZqZVdQnzRrdZt6,The Times They Are A-Changin',Bob Dylan,1964,70
5nbNWAfT1S6V1vqj3snHxS,It Ain't Me Babe,Bob Dylan,1964,53
6QHYEZlm9wyfXfEM1vSu1P,Boots of Spanish Leather,Bob Dylan,1964,51
3Si9u9FVlUTcUXVcawnstJ,Ballad of Hollis Brown,Bob Dylan,1964,45
5ATUmaVJWUTTagmPwQLck3,One Too Many Mornings,Bob Dylan,1964,43
5zOiSgAZJhikocvA3KdSpX,Chimes of Freedom,Bob Dylan,1964,42
5hBOEqqkcQaUgkRhh6EyX4,With God on Our Side,Bob Dylan,1964,41
6j1fiAG1NFBqPDRfJY19Yv,The Lonesome Death of Hattie Carroll,Bob Dylan,1964,40
7hMhO4oenpVkVaM5bNkEbz,When the Ship Comes In,Bob Dylan,1964,40
2bCFKT7w3wwGfCV3cjrjqi,My Back Pages,Bob Dylan,1964,39
2JcAqr3fUWIFZWPa9rjkwm,All I Really Want to Do,Bob Dylan,1964,39
3cY8cOjaN8Lwi08g9Fpr6D,North Country Blues,Bob Dylan,1964,38
6lib77q4koq52srysevRfT,Only a Pawn in Their Game,Bob Dylan,1964,38
70yzmEXaSuyddduotWyeZf,To Ramona,Bob Dylan,1964,37
1LGmxVTktSQBIpKPymNrWl,Restless Farewell,Bob Dylan,1964,35
1FtJgaely2X7NKul8bDJ3W,I Don't Believe You (She Acts Like We Never Have Met),Bob Dylan,1964,32
7wBSzVinxbRiMUu7ooY1jT,Spanish Harlem Incident,Bob Dylan,1964,32
0ioneAuNJzdZmKCOi9XaYN,Motorpsycho Nightmare,Bob Dylan,1964,31
6Ri6RAHuKsfA0M0inFXFjO,Ballad in Plain D,Bob Dylan,1964,30
7sdOnjHtBhnFI5otzMaKWh,I Shall Be Free No. 10,Bob Dylan,1964,29
4LIqZhC3uSlyaXIWsPBgZg,Black Crow Blues,Bob Dylan,1964,29
3AhXZa8sUQht0UEdBJgpGc,Like a Rolling Stone,Bob Dylan,1965,75
3RkQ3UwOyPqpIiIvGVewuU,Mr. Tambourine Man,Bob Dylan,1965,65
6k9DUKMJpWvu6eFG3O64Lg,Subterranean Homesick Blues,Bob Dylan,1965,59
0f5N14nB8xi0p3o4BlVvbx,Ballad of a Thin Man,Bob Dylan,1965,54
4EgKcG7aswxVfQEqa3dl8S,"It's All over Now, Baby Blue",Bob Dylan,1965,53
5rGD8FFgHw74cp3RPhucyg,Maggie's Farm,Bob Dylan,1965,51
5Oer8yskMaCGXwGSfM7xr9,"It's Alright, Ma (I'm Only Bleeding)",Bob Dylan,1965,50
4n1ZGm3TxYmoYe1YR8cMus,Desolation Row,Bob Dylan,1965,50
0c2DAekH6ZEnHhf8dM1leK,Queen Jane Approximately,Bob Dylan,1965,49
6os5B6xjuke9YfBKH3tu1e,Highway 61 Revisited,Bob Dylan,1965,46
5JqsRFZYDtIK5Rgeuzd2Jv,Tombstone Blues,Bob Dylan,1965,46
2yaf46YMxA5y6bzmWUKgXC,"It Takes a Lot to Laugh, It Takes a Train to Cry",Bob Dylan,1965,45
0V1771LhL3tG36pb55EZAH,Just Like Tom Thumb's Blues,Bob Dylan,1965,45
2itBkHBUxGl4VfDj4HNyoD,She Belongs to Me,Bob Dylan,1965,45
2FDTgrYDUdQKyGmtynEk90,Love Minus Zero,Bob Dylan,1965,44
6txGFpco4cfgG1sA1MxLCp,From a Buick 6,Bob Dylan,1965,43
5ka7NFOlZUpVLJmA2tO0o4,Bob Dylan's 115th Dream,Bob Dylan,1965,40
0QWvnpH7daskoXwKa59xGT,Outlaw Blues,Bob Dylan,1965,39
3K10pmwoFZt5N6ESWvDQkv,Gates of Eden,Bob Dylan,1965,38
1kvqv4axiWkxOdRz017sQZ,On the Road Again,Bob Dylan,1965,38
1K8T6vUweZBde0SY9cBskD,"Subterranean Homesick Blues - Take 1, Alternate Take",Bob Dylan,1965,27
38aaIrrmz7wEpAqWdx1dH2,"She Belongs to Me - Take 1, Solo Acoustic",Bob Dylan,1965,25
7tJQ4Ekp2vN3NlI3vJJW3v,I Want You,Bob Dylan,1966,60
37Dl7jQMmt0gUnzTKqnjkN,Just Like a Woman,Bob Dylan,1966,53
2rslQV48gNv3r9pPrQFPW1,Visions of Johanna,Bob Dylan,1966,50
7BkAlVpGwXXl3sYNn5OoJ7,Rainy Day Women #12 & 35,Bob Dylan,1966,49
1NYTj6JEw3IOh4ggiBh82h,Stuck Inside of Mobile with the Memphis Blues Again,Bob Dylan,1966,47
4jdtLLyEL7wY0TlCdMKhxq,Sad-Eyed Lady of the Lowlands,Bob Dylan,1966,45
40GFPBolcy0yucApV9uxq2,One of Us Must Know (Sooner or Later),Bob Dylan,1966,43
5tunHW5QU8lEixJw3UfDJd,"Just Like a Woman - Live at Free Trade Hall, Manchester, UK - May 17, 1966",Bob Dylan,1966,43
5ZgZhzQGCqVwPydT4CkH0W,"Like a Rolling Stone - Live at Royal Albert Hall, London, UK - May 26, 1966",Bob Dylan,1966,42
4i4oDSWluhViEzuYIZYtmJ,Fourth Time Around,Bob Dylan,1966,41
6aeOSY6fPsvGTzyXi65pNY,Leopard-Skin Pill-Box Hat,Bob Dylan,1966,41
31ODz5GcoM8tNYHblnjp4S,Man of Constant Sorrow - Live on 'Folk Songs and More Folk Songs' - March 1963,Bob Dylan,1966,39
2SbnSPLltgmScvZVI0OcRF,Most Likely You Go Your Way (And I'll Go Mine),Bob Dylan,1966,39
2qTvEdNY21mL9whUJot9Oc,Pledging My Time,Bob Dylan,1966,39
08TyPDbQ14NOoOWh13WJ2Z,Absolutely Sweet Marie,Bob Dylan,1966,39
1HgFg4pCJO1tX1uh5NMALx,Temporary Like Achilles,Bob Dylan,1966,38
74z9AsqO74WCnX3BlvbGAL,Obviously Five Believers,Bob Dylan,1966,37
3MHwnlgUI6R1wSamJ60Mi2,"Baby, Let Me Follow You Down - Live at Royal Albert Hall, London, UK - May 26, 1966",Bob Dylan,1966,35
0Fnb2pfBfu0ka33d6Yki17,All Along the Watchtower,Bob Dylan,1967,56
032kwZ9kg4yIaIPBOOIwlm,I'll Be Your Baby Tonight,Bob Dylan,1967,46
1XXHPSNbmHgi8EJvO3yGyd,The Ballad of Frankie Lee and Judas Priest,Bob Dylan,1967,36
2040FzW1ywVMnNJAMPoXZn,As I Went out One Morning,Bob Dylan,1967,35
0wfBooQ6QtDm63UIyIcDIj,John Wesley Harding,Bob Dylan,1967,35
1cbLvt7UrsbVnljXttWUip,I Dreamed I Saw St. Augustine,Bob Dylan,1967,35
41ev75JtScZeRGHQ19O6BG,Drifter's Escape,Bob Dylan,1967,32
4xhHhecO7i0jEySdGKQMWp,Dear Landlord,Bob Dylan,1967,32
2eyszNMdxZtteBRCN1uL4j,I Pity the Poor Immigrant,Bob Dylan,1967,31
49pZlXa9pZ6N0j6O4xduoC,I Am a Lonesome Hobo,Bob Dylan,1967,31
0aVlO5bvmxjz6ep7rUs9y2,Down Along the Cove,Bob Dylan,1967,30
0ZVzXE6cLLNshh4oMDoySI,The Wicked Messenger,Bob Dylan,1967,30
4uYwlMp841PLJmj1gJJwIq,"Lay, Lady, Lay",Bob Dylan,1969,65
3uHpPWsNDTpbbqedCRoaQU,Tonight I'll Be Staying Here with You,Bob Dylan,1969,49
2HXnjMxrO4QccqE3Grwmd0,I Threw It All Away,Bob Dylan,1969,43
7CuCP5OoLH77hJTibZQE4r,To Be Alone with You,Bob Dylan,1969,41
7tem1vYGSIuBE59Q8aP7Yc,Tell Me That It Isn't True,Bob Dylan,1969,40
716TKYoyVXFrXjz3rHwajp,Nashville Skyline Rag,Bob Dylan,1969,40
3v55o86xGDEiZCLioTrmy5,One More Night,Bob Dylan,1969,40
2YehU3jLpb9bM5V6k8HmyA,Country Pie,Bob Dylan,1969,39
2P1jghKUruf3SDVNj910KC,Peggy Day,Bob Dylan,1969,39
7xRemq7GLu0Tbqe9OckG87,The Man in Me,Bob Dylan,1970,63
0bTY3EvTFLdPALso8E7Eyq,If Not for You,Bob Dylan,1970,49
00cs7mlkTcIIoWnm8G0U0l,Wigwam,Bob Dylan,1970,44
0cpTK1S7dSmnsTA1Xm0BcR,Sign on the Window,Bob Dylan,1970,38
1FIrnH3Dme6EyYNnd96svn,New Morning,Bob Dylan,1970,38
4nBjbqj7nKd7Rsa7HJ3VtX,All the Tired Horses,Bob Dylan,1970,38
7MhyRgvUWh6qkVubruEGUY,Went to See the Gypsy,Bob Dylan,1970,35
5xStgjsb9BdVCHVTAHKwYs,Day of the Locusts,Bob Dylan,1970,35
6HSXNV0b4M4cLJ7ljgVVeh,Knockin' On Heaven's Door,Bob Dylan,1973,74
3JeSmJwvbQkIqcZ0LM46wm,Billy 1,Bob Dylan,1973,46
0h1HflWtF5FuOhO9qaQobT,Main Title Theme (Billy),Bob Dylan,1973,40
4yWl0tnEanf3zmZzl9kbQn,Forever Young - Slow Version,Bob Dylan,1974,54
1C4yOUEjCUyPkxRDwwFksG,Forever Young - Fast Version,Bob Dylan,1974,45
3PpXLSjQPRTYWaTb5J4KUU,Wedding Song,Bob Dylan,1974,36
6Vcwr9tb3ZLO63F8DL8cqu,Tangled up in Blue,Bob Dylan,1975,65
3y4Uza6K58JXQ7RYya8ZI5,Shelter from the Storm,Bob Dylan,1975,63
3wAX3qn53iQUFE84hpfeen,Simple Twist of Fate,Bob Dylan,1975,55
5eVjE8FDSDXQLSbTZSA5Qv,Buckets of Rain,Bob Dylan,1975,51
3xNO6JUk9ySYjxuqzcZYRB,"If You See Her, Say Hello",Bob Dylan,1975,51
53ygARQf1f30Z0EmXPHWGT,Meet Me in the Morning,Bob Dylan,1975,47
64MISVB9IIchhOKmWHftoz,You're Gonna Make Me Lonesome When You Go,Bob Dylan,1975,46
4ukHl5HFRNARRnIWc4Oj83,You're a Big Girl Now,Bob Dylan,1975,46
1nbGN4N63uCQq0pCIs3kIf,Idiot Wind,Bob Dylan,1975,45
4MKun9QQhoapVvhp2uxJif,"Lily, Rosemary and the Jack of Hearts",Bob Dylan,1975,44
1jOnslXvQ4cGIwsHtIDJrp,"Sara - Live at Boston Music Hall, Boston, MA - November 21, 1975 - Afternoon",Bob Dylan,1975,41
5WeQHNrOlxBv9NZTrz6xgE,You Ain't Goin' Nowhere,Bob Dylan,1975,36
1lqMLr9Wj7SM2F9AikGcxN,Hurricane,Bob Dylan,1976,72
4WOruM7TiQSETsWYy8bDSX,One More Cup of Coffee,Bob Dylan,1976,58
5j216bw8PG0EcIdfu92k4l,Isis,Bob Dylan,1976,53
4WbP5AjT2RFb3paBBD2BRM,Sara,Bob Dylan,1976,51
1gpQMd0R3blMSn8vhXU0Uu,Mozambique,Bob Dylan,1976,50
1OT1G66Lt9EpKFWkwK8i9z,Romance in Durango,Bob Dylan,1976,49
4JtK4KieKw8mlPAIX4ODht,"Oh, Sister",Bob Dylan,1976,43
2OqE96IZhnQ7uNunN6Opag,Black Diamond Bay,Bob Dylan,1976,41
3sXLemtrtO6ygZF0G4OIwI,Joey,Bob Dylan,1976,40
2vVpjZxlSiqR5wr2YeZPB2,Changing of the Guards,Bob Dylan,1978,53
760420tYNmNjFgi8bWvbop,Gotta Serve Somebody,Bob Dylan,1979,48
7aZjExRehKGrH6vZ3MNXlq,Precious Angel,Bob Dylan,1979,44
5mGq3cybgQDZgTEbu9ldV9,Man Gave Names to All the Animals,Bob Dylan,1979,40
6MfOFYmw1TD9QDFSu0TEN1,Every Grain of Sand,Bob Dylan,1981,43
6cuHkcRUqtQhtJ4sWCkd1q,Jokerman,Bob Dylan,1983,50
2KVrZKnaDbu9Ik9aMHe8J3,Sweetheart Like You,Bob Dylan,1983,40
20KJVpD0MNRIunIjLzfOHJ,Dark Eyes,Bob Dylan,1985,41
5NtOAfnwkKo7eAGq7Uap3J,Man in the Long Black Coat,Bob Dylan,1989,51
7wLzlhL0tb3GhPhnIz7IpQ,Most of the Time,Bob Dylan,1989,49
32gGuJXlLJbKCk3MDfW53y,"The Times They Are A-Changin' - Live at Sony Music Studios, New York, NY - November 1994",Bob Dylan,1995,49
6rfGPGghQL7SJmZPXprXIc,Make You Feel My Love,Bob Dylan,1997,56
1qbn6QrHG8XfnqVFKgNzKP,Not Dark Yet,Bob Dylan,1997,48
43H3q2NWT9LCuYS1B5IUvV,Our Song,Taylor Swift,2006,62
2TF4UtYreqNbQ6Z9AccldU,Teardrops On My Guitar - Radio Single Remix,Taylor Swift,2006,59
7snx7w5WZLHovS0xC45ZfP,Teardrops On My Guitar - Radio Single Remix,Taylor Swift,2006,58
1D4PL9B8gOg78jiHg3FvBb,Love Story,Taylor Swift,2008,78
1GEBsLDvJGw7kviySRI6GX,You Belong With Me,Taylor Swift,2008,74
4pEZUytwBzha5Un6m3SCFf,The Way I Loved You,Taylor Swift,2008,63
4kgTdThcDHfuDS2kKxB7Lc,You Belong With Me,Taylor Swift,2008,63
5hnJCRSo4pxRsaEwT9YusG,Love Story,Taylor Swift,2008,62
4QhjEJ2o6QNwpZGs51AmiY,White Horse,Taylor Swift,2008,60
15PRxID4aGtOncbffzgZXI,Fearless,Taylor Swift,2008,59
6aQrB8kaWyaCj9RYB7Rh5L,Fifteen,Taylor Swift,2008,58
5vyxXfD5gLlyPxGZMEjtmd,Crazier,Taylor Swift,2009,63
67Io3gxHwfbUreBf114c0u,Mine,Taylor Swift,2010,64
7k7BOXE4u6luKTwcLEAyrd,Back To December - Acoustic Version,Taylor Swift,2010,61
2jt90bYlYDg1lXYWES34LJ,The Story Of Us,Taylor Swift,2010,60
6FB3v4YcR57y4tXFcdxI1E,I Knew You Were Trouble.,Taylor Swift,2012,79
0VwNdo84DaVYLIkbVO86ND,We Are Never Ever Getting Back Together,Taylor Swift,2012,78
6ce41JVa6KFaryfmC2bu2W,22,Taylor Swift,2012,73
6GNRkaWUB0Lwc19SdkTgx8,All Too Well,Taylor Swift,2012,71
3lKZf71jeNi14udIFPJ29V,I Knew You Were Trouble.,Taylor Swift,2012,65
4yBEU0askBZzE2XEVdEwmx,Red,Taylor Swift,2012,64
6kISMRfweKSvgHR0urMQFG,We Are Never Ever Getting Back Together,Taylor Swift,2012,64
7gJtmLyPTwKzhGzMBXtuXH,Red,Taylor Swift,2012,62
3WC5CVAahvn98hiseoIvbw,22,Taylor Swift,2012,62
1u8c2t2Cy7UBoG4ArRcF5g,Blank Space,Taylor Swift,2014,81
0cqRj7pUJDkTCEsJkx8snD,Shake It Off,Taylor Swift,2014,79
3fVnlF4pGqWI9flVENcT28,Wildest Dreams,Taylor Swift,2014,78
0ug5NqcwcFR2xrfTkc7k8e,Style,Taylor Swift,2014,73
0TvQLMecTE8utzoNmvXRbK,Bad Blood,Taylor Swift,2014,70
2ls70nUDfjzm1lSRDuKxmw,Blank Space,Taylor Swift,2014,68
0qUnBLZ8bJqUNEeQgayL9t,Out Of The Woods,Taylor Swift,2014,67
0qAIiGFKLdV1xpNlEhjpq8,New Romantics,Taylor Swift,2014,66
10nqz67NQWWa7XPq7ycihi,Welcome To New York,Taylor Swift,2014,64
1NmVZsG18CzCAtw7rnV3yA,Clean,Taylor Swift,2014,64
6NFyWDv5CjfwuzoCkw47Xf,Delicate,Taylor Swift,2017,78
1P17dC1amhFzptugyAO7Il,Look What You Made Me Do,Taylor Swift,2017,77
0VE4kBnHJUgtMf0dy6DRmW,Getaway Car,Taylor Swift,2017,75
2yLa0QULdQr0qAIvVwN6B5,...Ready For It?,Taylor Swift,2017,73
4svZDCRz4cJoneBpjpx8DJ,I Did Something Bad,Taylor Swift,2017,73
1ZY1PqizIl78geGM4xWlEA,Gorgeous,Taylor Swift,2017,72
1GwMQaZz6Au3QLDbjbMdme,Call It What You Want,Taylor Swift,2017,70
6RRNNciQGZEXnqk8SQ9yv5,You Need To Calm Down,Taylor Swift,2019,81
1dGr1c8CrMLDpV6mPbImSI,Lover,Taylor Swift,2019,79
3RauEVgRgj1IuWdJ9fDs70,The Man,Taylor Swift,2019,78
1BxfuPKGuaTgP7aM0Bbdwr,Cruel Summer,Taylor Swift,2019,77
4y5bvROuBDPr5fuwXbIBZR,Paper Rings,Taylor Swift,2019,75
43rA71bccXFGD4C8GOpIlN,I Forgot That You Existed,Taylor Swift,2019,74
0lx2cLdOt3piJbcaXIV74f,willow,Taylor Swift,2020,85
4R2kfaDFhslZEMJqAFNpdd,cardigan,Taylor Swift,2020,83
0sY6ZUTh4yoctD8VIXz339,champagne problems,Taylor Swift,2020,81
3Uo7WG0vmLQ07WB4BDwy7D,willow,Taylor Swift,2020,79
0Jlcvv8IykzHaSmj49uNW8,the 1,Taylor Swift,2020,78
3hUxzQpSfdDqwM3ZTFQY0K,august,Taylor Swift,2020,77
5BK0uqwY9DNfZ630STAEaq,gold rush,Taylor Swift,2020,77
2vt23ATfyP6rbwmymgnACl,"Masters of War - Live at Brandeis University, Waltham, MA - May 1963",Bob Dylan,1963,14
6ujWszc5JA5oAANs4KnrmI,Boots of Spanish Leather - Witmark Demo - 1963,Bob Dylan,1963,21
2e1uRjUTVhilyQdlFLOuYo,"Talkin' John Birch Paranoid Blues - Live at Brandeis University, Waltham, MA - May 1963",Bob Dylan,1963,14
46NsJsu390fArqdafzEk7U,"Talkin' World War III Blues - Live at Brandeis University, Waltham, MA - May 1963",Bob Dylan,1963,12
3eQiXp8TNEBuXepG7Iidqi,"Talking Bear Mountain Picnic Massacre Blues - Live at Brandeis University, Waltham, MA - May 1963",Bob Dylan,1963,11
7c7g0REAgYXSA8pFLtVoHA,"Bob Dylan's Dream - Live at Brandeis University, Waltham, MA - May 1963",Bob Dylan,1963,12
49mh4Sb9rSwaIcrasmfI8a,"Ballad of Hollis Brown - Live at Brandeis University, Waltham, MA - May 1963",Bob Dylan,1963,13
2JmjVXB5O0SQdNbnahcM9j,Gypsy Lou - Witmark Demo - 1963,Bob Dylan,1963,16
2ptRToH2MrfmeFctB54XxF,"Honey, Just Allow Me One More Chance - Live at Brandeis University, Waltham, MA - May 1963",Bob Dylan,1963,14
1sNxivrg2dpxsPMdUZf6Lc,"Absolutely Sweet Marie - Take 1, Alternate Take",Bob Dylan,1965,23
39DlEXDfwphgt2mUogrmuh,"Love Minus Zero / No Limit - Take 2, Acoustic",Bob Dylan,1965,25
3Zf2D7MAuPiTfwEl7kXw9J,"I'll Keep It with Mine - Take 1, Piano Demo",Bob Dylan,1965,21
4QSPYY4o2PmFiTQ20Fbvni,One Too Many Mornings,Bob Dylan,1967,25
2dHaijfyC8eZQjgony4kiD,Father of Night,Bob Dylan,1970,32
5sN6wOIayxsoY6BazbVPPo,Mr. Bojangles,Bob Dylan,1973,32
5jZLCVKppwm7dGxvb68fTW,"Going, Going, Gone",Bob Dylan,1974,33
0oID5GDN1VxgvIbeejuG1U,On a Night Like This,Bob Dylan,1974,31
2otxmLJLxYQPVq0FYIUd34,Million Dollar Bash,Bob Dylan,1975,32
1XlPwEbjUmRMcRBldrYzNX,"A Hard Rain's A-Gonna Fall - Live at Montreal Forum, Montreal, Quebec - December 1975",Bob Dylan,1975,33
02Dkg9KisMTISWEBK5AKMk,Slow Train,Bob Dylan,1979,38
4tydYnfKxh4I6vcNb3jnqo,"Love Minus Zero, No Limit - Live at Nippon Budokan Hall, Tokyo, Japan - February/March 1978",Bob Dylan,1979,30
6FBaIl4oCg3kUG3YNu7FrM,Do Right to Me Baby (Do Unto Others),Bob Dylan,1979,31
6SsoX9VSygEAcIzSzPKOea,I Believe in You,Bob Dylan,1979,33
4gE7FaS7lkB44bqWkbJejw,I and I,Bob Dylan,1983,34
6GjmlZzBt2FHgLL1x3VMc5,License to Kill,Bob Dylan,1983,37
1TcaA7LukgnPWZMtQpo3hN,Don't Fall Apart on Me Tonight,Bob Dylan,1983,35
1pJdqFpw52UQpItDRMoca3,Blind Willie McTell - Studio Outtake - 1983,Bob Dylan,1991,43
0aD0Ec4Wm1tiAPr8gSN3RZ,You Belong To Me,Bob Dylan,1994,41
7DQmwd7zye9xvzMQJnD8S8,Tim McGraw,Taylor Swift,2006,56
5l6GqSxplqnZbLg0LTPQeG,Back To December,Taylor Swift,2010,68
0PWgAyoxsjwGRuFSO0fyya,Better Than Revenge,Taylor Swift,2010,65
0KztjtD3ytzgYjUKIVfBnW,Mean,Taylor Swift,2010,64
04S1pkp1VaIqjg8zZqknR5,Enchanted,Taylor Swift,2010,64
3K2es3gElMRJ3qvmPW442g,Dear John,Taylor Swift,2010,62
46NGAvL695VnbcSeTmQWmM,Sparks Fly,Taylor Swift,2010,61
4uoyvFGK43Of4v9tj0moxC,Begin Again,Taylor Swift,2012,60
4NNolUeL5m2ju7kf8pdg6H,All You Had To Do Was Stay,Taylor Swift,2014,62
6q9rNSvE59IVT3ZlEorvYb,Positively 4th Street,Bob Dylan,1967,38
6oVxXO5oQ4pTpO8RSnkzvv,Dress,Taylor Swift,2017,69
7I7JbDv63ZJJsSi24DyJrz,Dancing With Our Hands Tied,Taylor Swift,2017,69
7HuBDWi18s4aJM8UFnNheH,King Of My Heart,Taylor Swift,2017,69
6h8laPks98zPizQ5qahy40,Winterlude,Bob Dylan,1970,34
0J2CxlVvgNqAvO3SxwKHUm,Time Passes Slowly,Bob Dylan,1970,33
3NKCWBT2uKp8rxSkcvIrdX,Forever & Always,Taylor Swift,2008,57
7dXKdjpOaH2iwfFKmUj7aq,Speak Now,Taylor Swift,2010,59
4A4A6dwl5DqdqrZaEtKGPR,Wildest Dreams,Taylor Swift,2014,62
5PNtzbMe7UsK1uUpdEWlZx,"Boots of Spanish Leather - Live at Carnegie Hall, New York, NY - October 1963",Bob Dylan,1963,22
2X79iQGWHEtD1AaSx2j33k,Hard Times in New York Town - Witmark Demo - 1962,Bob Dylan,1963,22
5ciVgodduAjUTbW6dzWv7b,If Dogs Run Free,Bob Dylan,1970,33
21LpuJa9M1boZw437fPu7M,Billy 4,Bob Dylan,1973,34
7xoWNirfRGah4NCuEM9X3r,Dirge,Bob Dylan,1974,30
7rUIuOknn6EOGs4Mv3Hyn2,Something There Is About You,Bob Dylan,1974,30
1epVIWOekLaPhio5WRCcsp,"Shelter from the Storm - Live at Hughes Stadium, Ft. Collins, CO - May 1976",Bob Dylan,1976,34
1nuk1yTZO3zR8XB8Ofk9q3,Picture To Burn,Taylor Swift,2006,57
2okho7vU7Nsq1UZD0kgIMi,Fearless,Taylor Swift,2008,57
3CI1f4yLwdHzcUnH7o0Xyh,Hey Stephen,Taylor Swift,2008,56
4ewAfHYpDTzpW1GKO44CVP,Long Live,Taylor Swift,2010,58
4EUQXLipplO2v9mVaqQtjc,Last Kiss,Taylor Swift,2010,58
1eyqSYBCTane4rl4vc6PWJ,I Almost Do,Taylor Swift,2012,59
0b16LTzby1YRVd2nq2Z0fw,State Of Grace,Taylor Swift,2012,59
1CiVz2WkmZRwhU3A6J2Gjz,Shake It Off,Taylor Swift,2014,62
3zwMVvkBe2qIKDObWgXw4N,right where you left me - bonus track,Taylor Swift,2021,73
3q23PUllNkb9nCVpIm7wMt,A Hard Rain's a-Gonna Fall - Witmark Demo - 1962,Bob Dylan,1963,22
1tHOB5irLyLE7Gtxb2x29Q,"Lay Down Your Weary Tune - Live at Carnegie Hall, New York, NY - October 1963",Bob Dylan,1963,21
1gc4XWEz9rCheFyS3cQCEN,Ballad for a Friend - Witmark Demo - 1962,Bob Dylan,1963,20
2b0Nq2rj2kLMP1OrfzQSfd,Girl from the North Country - Witmark Demo - 1963,Bob Dylan,1963,20
1Ik4syR2SnsRjum1Em1NnI,"The Times They Are A-Changin' - Live at Carnegie Hall, New York, NY - October 1963",Bob Dylan,1963,20
0smQY2FRe9tXIvyIoDHLtz,Poor Boy Blues - Witmark Demo - 1962,Bob Dylan,1963,19
2jhjfGpaicxM2lFc25JZem,Mr. Tambourine Man - Witmark Demo - 1964,Bob Dylan,1963,19
4COKka5bdUquMyb9xJctzZ,Let Me Die in My Footsteps - Witmark Demo - 1962,Bob Dylan,1963,19
00Oz0cJKKjQfEzwo9Rydau,All over You - Witmark Demo - 1963,Bob Dylan,1963,18
2fmNB43s1WV8X6M9zrea0c,Guess I'm Doing Fine - Witmark Demo - 1964,Bob Dylan,1963,18
2pxN8zULE5Ourxx9oN9Km1,The Times They Are A-Changin' - Witmark Demo - 1963,Bob Dylan,1963,19
5rVedN4FIjWKjdpgQIG7Bv,Walkin' Down the Line - Witmark Demo - 1963,Bob Dylan,1963,18
3uYpHGKo0gNoTrAuoSfA76,Man On the Street - Witmark Demo - 1962,Bob Dylan,1963,18
3xqdcCI9J1bjO1HaPjRxTi,"North Country Blues - Live at Carnegie Hall, New York, NY - October 1963",Bob Dylan,1963,18
7eXUTrl2yc5OoyPAzSIpy7,"Long Ago, Far Away - Witmark Demo - 1962",Bob Dylan,1963,18
2sv21OR8rRO8su4Graprp6,Long Time Gone - Witmark Demo - 1963,Bob Dylan,1963,17
5PsOHaZWGUuu3czKxBdU8Y,Ballad of Hollis Brown - Witmark Demo - 1962,Bob Dylan,1963,17
5sCFO2TNqUdNn6PbTcAI3L,"With God on Our Side - Live at Carnegie Hall, New York, NY - October 1963",Bob Dylan,1963,17
2K50XlOSgJTzsj82jQqnDU,I'd Hate to Be You on That Dreadful Day - Witmark Demo - 1963,Bob Dylan,1963,17
2QBUbz7bmi049Fm5pKF7mv,"Ballad of Hollis Brown - Live at Carnegie Hall, New York, NY - October 1963",Bob Dylan,1963,16
2iuXehWtE0nAYwI604Wg2x,Oxford Town - Witmark Demo - 1963,Bob Dylan,1963,16
3MRlGb6gV9Tx1rDWfOB4bC,When the Ship Comes In - Witmark Demo - 1963,Bob Dylan,1963,17
5IrauJx70zx72c1xiZgzVq,I'll Keep It with Mine - Witmark Demo - 1964,Bob Dylan,1963,16
4k8uAuKuKMbCkNlbucW787,"It's Alright, Ma (I'm Only Bleeding) - Live at Philharmonic Hall, New York, NY - October 1964",Bob Dylan,1964,18
4coksFxESflWVCzoeeEGWS,"The Times They Are A-Changin' - Live at Philharmonic Hall, New York, NY - October 1964",Bob Dylan,1964,18
79TU7Z00JCnoU7FPAGCF7Q,"To Ramona - Live at Philharmonic Hall, New York, NY - October 1964",Bob Dylan,1964,18
1CwiEbNy1Hm3aaEYBodrCB,"Who Killed Davey Moore? - Live at Philharmonic Hall, New York, NY - October 1964",Bob Dylan,1964,17
3vcyuR1o2d4tqa0qzQyaoA,"Spanish Harlem Incident - Live at Philharmonic Hall, New York, NY - October 1964",Bob Dylan,1964,17
6MXN9KdF0hUpwf7n1Wvqvp,"Mr. Tambourine Man - Live at Philharmonic Hall, New York, NY - October 1964",Bob Dylan,1964,17
2Nh1iGPwV3V1OADqZ4j7u6,"Queen Jane Approximately - Take 5, Alternate Take",Bob Dylan,1965,23
028SHraRh7DmChBfhU4LaD,"It Takes a Lot to Laugh, It Takes a Train to Cry - (Take 8) [Alternate Take]",Bob Dylan,1965,22
3NJBcn3b8NZ6WcZTrHnxKT,"Farewell, Angelina - Take 1, Solo Acoustic",Bob Dylan,1965,22
5syfMAAcOElUUmS79bWVoA,"Just Like Tom Thumb's Blues - Take 3, Rehearsal",Bob Dylan,1965,22
0NXJlDYsLnzGUd1yXUwHbl,"Stuck Inside of Mobile with the Memphis Blues Again - Take 13, Alternate Take",Bob Dylan,1965,21
6dBt5iFP4ifCfbkzNzMEkp,"Desolation Row - Take 2, Piano Demo",Bob Dylan,1965,21
0scC4tkQiPbwDK5t0F7fEw,"Highway 61 Revisited - Take 3, Alternate Take",Bob Dylan,1965,20
1xaxMAZg6ukfrnblM4Vywq,"Positively 4th Street - Take 5, Alternate Take",Bob Dylan,1965,18
4wdeNL5mXZqqwtZZUjAxPt,"She's Your Lover Now - Take 6, Rehearsal",Bob Dylan,1965,18
2a9Tk19vNrKaf30ubVIduB,I Was Young When I Left Home,Bob Dylan,1966,30
4hkrnhR7zZnnsbSYMJ6546,"Visions of Johanna - Live at Free Trade Hall, Manchester, UK - May 17, 1966",Bob Dylan,1966,26
39vxZfWSglpaSqpHTKiaWR,She Belongs to Me - Alternate Take,Bob Dylan,1966,24
27ihjLGfySO5YPb8ZrD08o,I'm Not There,Bob Dylan,1967,22
5NKD9kol9EgljwAJ6qe8rm,You Ain't Goin' Nowhere - Take 1,Bob Dylan,1967,22
4yxFsxkFSXaRUnaySNVIuL,I Shall Be Released - Studio Outtake - 1971,Bob Dylan,1971,23
22AcnJdThFNonl3dPpb84M,"Ballad of a Thin Man - Live at LA Forum, Inglewood, CA - February 1974",Bob Dylan,1974,24
1CBR6p0Hv8UA21l0z5Z6Tw,"Up on Cripple Creek - Live at LA Forum, Inglewood, CA - February 1974",Bob Dylan,1974,24
3EV5hHDMLF4FRWtGF4xYuT,"I Shall Be Released - Live at LA Forum, Inglewood, CA - February 1974",Bob Dylan,1974,24
2IfygshcMSLVv8b6DbgIoK,"Isis - Live at Boston Music Hall, Boston, MA - November 21, 1975 - Evening",Bob Dylan,1975,33
1cigWAI69aQliu1CE15jZd,"Tonight I'll Be Staying Here with You - Live at Montreal Forum, Montreal, Quebec - December 1975",Bob Dylan,1975,31
0703Xd7Z3EHAddRthFYi6v,"Mr. Tambourine Man - Live at Boston Music Hall, Boston, MA - November 21, 1975 - Afternoon",Bob Dylan,1975,31
1ZOIGgScfx7FdxHuad4dCT,"The Lonesome Death of Hattie Carroll - Live at Boston Music Hall, Boston, MA - November 21, 1975 - Evening",Bob Dylan,1975,30
6h4Yw4JdCZmUwlUQfJNXkz,"It Ain't Me, Babe - Live at Harvard Square Theatre, Cambridge, MA - November 1975",Bob Dylan,1975,29
1BythdpR6CAZNT8ltjv6IT,Bessie Smith,Bob Dylan,1975,28
22zSq2zWI8DRiqwp8PRJqM,"Romance in Durango - Live at Harvard Square Theatre, Cambridge, MA - November 1975",Bob Dylan,1975,28
3kzUgsSqGf1TlGcfC8ZkeO,Apple Suckling Tree,Bob Dylan,1975,27
24RKOkbDctnfC7EtZmyJKA,Lo and Behold!,Bob Dylan,1975,27
1CufFgKGnEUcqH2tZxnRUl,"Please, Mrs. Henry",Bob Dylan,1975,26
0cLIsPAhOM0KLViTi49HZQ,"The Water Is Wide - Live at Boston Music Hall, Boston, MA - November 21, 1975 - Evening",Bob Dylan,1975,26
1SM6tv9j3slJvzkoCFR896,"It Takes a Lot to Laugh, It Takes a Train to Cry - Live at Boston Music Hall, Boston, MA - November 21, 1975 - Evening",Bob Dylan,1975,25
5jpEdHQL8kGxROtZkj4KXM,"Open the Door, Homer",Bob Dylan,1975,25
1LRht5D1uQ2Qfqbehqrtt0,"One Too Many Mornings - Live at Hughes Stadium, Ft. Collins, CO - May 1976",Bob Dylan,1976,26
6nZTEFkBcjTGj4isbkAGmN,"Baby, Stop Crying",Bob Dylan,1978,33
78tzwyjbBzcVLiThPll2c3,We Better Talk This Over,Bob Dylan,1978,30
2OEprv1w32EyWC09FpHBeU,"Shelter from the Storm - Live at Nippon Budokan Hall, Tokyo, Japan - February/March 1978",Bob Dylan,1979,30
1T5RNEH1ybjh0GdT5jGjfl,"Don't Think Twice, It's All Right - Live at Nippon Budokan Hall, Tokyo, Japan - February/March 1978",Bob Dylan,1979,28
132ZSnHdeb0wHa03IarUaA,Pressing On,Bob Dylan,1980,28
2zsEvCDvYJF2Jl0CoaXw2L,"Like a Rolling Stone - Live at Sony Music Studios, New York, NY - November 1994",Bob Dylan,1995,41
5HxaRsnKOw5kVzoTXK42gD,Is Your Love in Vain?,Bob Dylan,1978,34
1kHEuJRasudLhjvnbfc4yS,Blank Space,Taylor Swift,2014,58
0UrMCbsMMDsX1GK3dA7lca,I Shall be Released - Take 1,Bob Dylan,1967,25
6gVfhIA3EEC8lFxqU8HPo8,Cantina Theme (Workin' for the Law),Bob Dylan,1973,33
5jR7az62F3VLf9NhtDB3qV,Final Theme,Bob Dylan,1973,34
4XmM5zJZgmAEM2jR4cnlHU,River Theme,Bob Dylan,1973,32
368OHaaG7tnjVqD9hRIXhL,Can't Help Falling in Love,Bob Dylan,1973,32
40L7ioTIvnDH42ugHaip7L,This Wheel's On Fire,Bob Dylan,1975,30
2gXvgBpMaDZRxctxbI3Zpc,New Pony,Bob Dylan,1978,32
1zRt6GwdqaRgFfABzz6xVc,Where Are You Tonight? (Journey Through Dark Heat),Bob Dylan,1978,33
5htXjZuTCeSvBcSHuv79As,Gonna Change My Way of Thinking,Bob Dylan,1979,31
4CiCn1uQ4g2nDcunbk2mw7,When You Gonna Wake Up,Bob Dylan,1979,31
1YGDRTeHX3egkIxdLxlOxN,When He Returns,Bob Dylan,1979,30
4rTdJYQ98IB5EOvKxz1Dm3,Man of Peace,Bob Dylan,1983,33
5N1M5lueT7liCW7R4gaaMi,Neighborhood Bully,Bob Dylan,1983,33
3v4h4wyAZe2pBQv6uK5KhP,Union Sundown,Bob Dylan,1983,31
0LNxNfa5cbNrnK6KyhaQaj,Tight Connection to My Heart (Has Anyone Seen My Love),Bob Dylan,1985,33
0rtNK3yP7Inf9hl6C0znpe,I'll Remember You,Bob Dylan,1985,26
55goY0nDYL9xbrsl3019RT,Emotionally Yours,Bob Dylan,1985,27
74KpujtKzOfwEXSfuPwfHq,Brownsville Girl,Bob Dylan,1986,31
65Ywa7EspM0tSZreKwOmnL,Everything Is Broken,Bob Dylan,1989,39
7IuEjrhTNqxzm3dcINDH7V,Shooting Star,Bob Dylan,1989,37
1Y3VFY4mkLqMIkqxC51p6l,Ring Them Bells,Bob Dylan,1989,37
1512aL09grQ5uTesJB3GOi,Political World,Bob Dylan,1989,37
412jKsXVbH1LJjHZXJoz4o,Where Teardrops Fall,Bob Dylan,1989,35
0uRMGsSsX2KORS8jkB9Lwc,What Good Am I?,Bob Dylan,1989,36
6j77oqpKyDbr7rtPsTAzSw,What Was It You Wanted,Bob Dylan,1989,35
121VnjA0Q9CQOAr9CD8b3z,Disease of Conceit,Bob Dylan,1989,34
4CyZpcjZdbAAD0J0EPSwmF,"Idiot Wind - Take 4, Remake with organ overdub",Bob Dylan,1991,40
0T2kNwYw4Z7rhziNRNsjfO,Should've Said No,Taylor Swift,2006,53
1j6gmK6u4WNI33lMZ8dC1s,Our Song,Taylor Swift,2006,54
6CdaXOq1MWe2JHDalTG01d,Should've Said No,Taylor Swift,2006,52
4BYejINgfZF0qKDMEH2cim,Picture To Burn,Taylor Swift,2006,52
3JhvYnOfKLJuWC7jEU0GmJ,You're Not Sorry,Taylor Swift,2008,55
5Ora3Ish2A1JN5veGYTxhw,Fifteen,Taylor Swift,2008,54
7G6TDmGJXDoBaV6NGj3Yic,You Belong With Me,Taylor Swift,2008,54
4x7Gxk2GfwZJcqpoVT1PbR,Tell Me Why,Taylor Swift,2008,53
6WWvcA62QlnRguluWAk6bv,Jump Then Fall,Taylor Swift,2008,55
13MAWVUSkbGMUi6I7RowRK,Forever & Always - Piano Version,Taylor Swift,2008,55
5xPsybHWRHbTYO44xnREY5,Love Story,Taylor Swift,2008,52
6ovFJkdau79DuXEvQjPaNH,Untouchable,Taylor Swift,2008,54
3gFaNwyiafgUoQhR0pHYA9,Change,Taylor Swift,2008,52
5yKB8qcTSflDercM2PXwot,White Horse,Taylor Swift,2008,54
1yDJcXc549N6AabNBzFAku,The Other Side Of The Door,Taylor Swift,2008,53
3JilapcaOXzjR9gtvCY8FO,Never Grow Up,Taylor Swift,2010,55
2YjKcFQ1vYFhQPgsmCOjss,Haunted,Taylor Swift,2010,56
0hK93KD6Y0j9giUGh4Valj,Ours,Taylor Swift,2010,55
1wVpMbItVdkJ0pmahPoPA2,Mine,Taylor Swift,2010,39
3lXekiVK1ZPZbKconsys73,The Story Of Us,Taylor Swift,2010,55
3KmYVOuK2eG7LGP7qQ8DLR,Holy Ground,Taylor Swift,2012,58
7nECwCDHS1JvQbrmuorZIH,Treacherous,Taylor Swift,2012,58
0F2S1QlnMaOfmNHIgmES3k,Stay Stay Stay,Taylor Swift,2012,57
5VQLMrWhailAhErKNUSnv1,The Lucky One,Taylor Swift,2012,56
1gL4vMhDV3RgJQmDuY5HK1,Starlight,Taylor Swift,2012,56
1n8rB9AhxiAvVP1E2c3yOd,Come Back...Be Here,Taylor Swift,2012,56
2KrOAg6FftbjgSKdd2a4rS,You Are In Love,Taylor Swift,2014,61
6RvRzl1YJTDnUvdOtV21IK,Wonderland,Taylor Swift,2014,61
0fM9dEhUFV4MHDuJgrcfOv,How You Get The Girl,Taylor Swift,2014,61
4L560fic5PaTuCFm6CviKa,This Love,Taylor Swift,2014,61
5gRYrtvyVyaCRvLt56OfuV,I Wish You Would,Taylor Swift,2014,60
71PmZqBXH0RUETqxpwlV0w,Style,Taylor Swift,2014,60
2TMJrLYSGo9ys1rD7sM9Bc,"Rambling, Gambling Willie - Witmark Demo - 1962",Bob Dylan,1963,20
662ex9GZMAMhDiRKI1J8m8,Man On the Street - Witmark Demo - 1962,Bob Dylan,1963,20
3tnX7NNixqZS44MM1O3WLM,Talking Bear Mountain Picnic Massacre Blues - Witmark Demo - 1962,Bob Dylan,1963,19
7or0LLIO1EGAzQHGLzjji3,Standing on the Highway - Witmark Demo - 1962,Bob Dylan,1963,18
2fAZaqL4y9XulS0QvW9EIV,Masters of War - Witmark Demo - 1963,Bob Dylan,1963,17
34hwPjXb0er1tpK5A1sUUx,"If You Gotta Go, Go Now (Or Else You Got to Stay All Night) - Live at Philharmonic Hall, New York, NY - October 1964",Bob Dylan,1964,19
0lFSvxTH7QFdqj7PwVHjmA,"I Want You - Take 4, Alternate Take",Bob Dylan,1965,23
5WHjbsHb457EXQauDLwAqr,"Visions of Johanna - Take 5, Rehearsal",Bob Dylan,1965,22
6Rtdhb7UyPiHCYiMw6q7dO,"Like a Rolling Stone - Live at Free Trade Hall, Manchester, UK - May 17, 1966",Bob Dylan,1966,25
0klEnXVXhlDdazlyGRb4is,"Visions of Johanna - Live at Royal Albert Hall, London, UK - May 26, 1966",Bob Dylan,1966,24
2uLcYzfSM0Ezpkksuv4dsk,900 Miles from My Home,Bob Dylan,1967,23
3ZG8teGRiJnXRisQXPyvAs,Subterranean Homesick Blues,Bob Dylan,1967,23
6AjDfUmoVgr26M0SFBPpIu,The Times They Are A-Changin',Bob Dylan,1967,23
0pwNr2GDj81anAEQaG2A76,I Want You,Bob Dylan,1967,23
10h4jLQDg9XjIqTzttFfcj,Just Like a Woman,Bob Dylan,1967,22
3QvnG3Jywu2OtWTe6O1QPL,Rainy Day Women #12 & 35,Bob Dylan,1967,21
2f6M51XJLbvIDWvQEPHdnj,Early Mornin' Rain,Bob Dylan,1970,31
4M1su6qn7t5FnyMukpCGzK,"(Quinn the Eskimo) The Mighty Quinn - Live at the Isle of Wight, UK - August 1969",Bob Dylan,1970,29
3QG2RBIbnsHAdwDXXhiYVG,Copper Kettle,Bob Dylan,1970,26
3vi3lrRxKJs3UQ7n2mi7zR,Belle Isle,Bob Dylan,1970,26
7oHyyRPF0xbySYYwiCWr90,Gotta Travel On,Bob Dylan,1970,25
5OVboM6Sv9rfTgsH2PM7rC,Alberta #2,Bob Dylan,1970,25
3UjmHv6ptod5AHBeyUFYyf,It Hurts Me Too,Bob Dylan,1970,25
2jxcuhCwXwFctVL1lnWtkJ,Woogie Boogie,Bob Dylan,1970,24
78x0lA9TUtDRHAE8rIIsyz,Take Me as I Am (Or Let Me Go),Bob Dylan,1970,24
1LLWePORuf78aYlTpSsduc,The Boxer,Bob Dylan,1970,31
33sjOTo0KW2w7D9jaUA2pg,"Tomorrow Is a Long Time - Live at Town Hall, New York, NY - April 1963",Bob Dylan,1971,28
4FzjmZXggX5L2pro52kHeq,Lily of the West,Bob Dylan,1973,32
13IzCtdrVF2W5oNwb1iSuA,The Ballad of Ira Hayes,Bob Dylan,1973,24
2cEVaJCrWIWTq7CgNgtHqQ,Tough Mama,Bob Dylan,1974,29
4gGkNMS9FSGOrEY9DLw9Is,You Angel You,Bob Dylan,1974,29
0mhzu24T3SIwjXywRmZ1qF,"Most Likely You Go Your Way (And I'll Go Mine) - Live at LA Forum, Inglewood, CA - February 1974",Bob Dylan,1974,26
0kgVPUuOKekmVLH7Fn08BB,"The Weight - Live at LA Forum, Inglewood, CA - February 1974",Bob Dylan,1974,25
5IxDmhavVKeGl1xig1DOZE,"Lay, Lady, Lay - Live at LA Forum, Inglewood, CA - February 1974",Bob Dylan,1974,25
7dLdsnS0rQX3dB9jlp9SSv,"Don't Think Twice, It's All Right - Live at LA Forum, Inglewood, CA - February 1974",Bob Dylan,1974,25
1bsyJmIrgFIIYzbZIYZ7Cr,"All Along the Watchtower - Live at LA Forum, Inglewood, CA - February 1974",Bob Dylan,1974,25
45EwNhLS19bQGUFGdLkn7o,"Like a Rolling Stone - Live at LA Forum, Inglewood, CA - February 1974",Bob Dylan,1974,24
3S3c2DmBhih5bOWciUPwLt,Goin' to Acapulco,Bob Dylan,1975,31
1jEnml0WRXCVbXEXaaYU6E,"One More Cup of Coffee - Live at Boston Music Hall, Boston, MA - November 21, 1975 - Evening",Bob Dylan,1975,29
0uEsdzuTnMStk8Y0gSN6mE,"Hurricane - Live at Memorial Auditorium, Worcester, MA - November 1975",Bob Dylan,1975,29
0NCVTPhS9FmQQwHUmuJNUm,Orange Juice Blues,Bob Dylan,1975,29
1An7hyRxsiiDtU2h2Rbb5S,"I Shall Be Released - Live at Boston Music Hall, Boston, MA - November 21, 1975 - Afternoon",Bob Dylan,1975,28
6ZHAkQveP83pugpI3R3BQr,Yazoo Street Scandal,Bob Dylan,1975,28
1jr4qWjw50EQ81x1Dfn9Cw,"It's All over Now, Baby Blue - Live at Montreal Forum, Montreal, Quebec - December 1975",Bob Dylan,1975,28
2EJGJrv01vMYVVb6fEp0KK,"Just Like a Woman - Live at Boston Music Hall, Boston, MA - November 21, 1975 - Evening",Bob Dylan,1975,27
0F6vL0SH5Gx93f7kKVmlTa,"Blowin' in the Wind - Live at Boston Music Hall, Boston, MA - November 21, 1975 - Evening",Bob Dylan,1975,26
2tkkYnPKL1yKGLuq4evOmt,"Oh, Sister - Live at Boston Music Hall, Boston, MA - November 21, 1975 - Evening",Bob Dylan,1975,26
2OKgVoSV8zz0s4NuJlnrVF,"Stuck Inside of Mobile with the Memphis Blues Again - Live at Tarrant County Convention Center Arena, Ft. Worth, TX - May 1976",Bob Dylan,1976,27
2WRUOpSc8ooXGrS9GY4Z3I,Heart of Mine,Bob Dylan,1981,30
2dhBAbYfES1uMgEhYAercT,"Corrina, Corrina",Bob Dylan,1961,11
2mkWsqw1FR5yHQ7Z1iejPa,"Mama, You Been on My Mind - Witmark Demo - 1964",Bob Dylan,1963,22
4qLFO9mNNmNDweLhuUz15m,"Gates of Eden - Live at Philharmonic Hall, New York, NY - October 1964",Bob Dylan,1964,16
68J4sPcv0d9DoeAmclQVOE,"Tombstone Blues - Take 1, Alternate Take",Bob Dylan,1965,13
0DPYCtNwxDxAFZD9S6W2Jk,"Maggie's Farm - Live at Newport Folk Festival, Newport, RI - July 1965",Bob Dylan,1966,29
75noWD1FYMFBKeUnxCy4NB,This Land Is Your Land - Live in New York City - November 1961,Bob Dylan,1966,31
2v2ZKjxhsdWevtT0CKN6c2,Three Angels,Bob Dylan,1970,32
0bIPQrwZWBSqadrJaRsW7R,One More Weekend,Bob Dylan,1970,31
7sTxTZSoqgpnqOMkwJGXHu,Bunkhouse Theme,Bob Dylan,1973,33
7huqsHcUto3D3TDHPWtuYQ,Turkey Chase,Bob Dylan,1973,32
2zQEl3RgJivVTabwczXxtn,Billy 7,Bob Dylan,1973,31
2Da6m8ajFABWuS57Ii5gLe,"Simple Twist of Fate - Live at Harvard Square Theatre, Cambridge, MA - November 1975",Bob Dylan,1975,30
4Oi0aCr7R0gN6WJSKtdANr,Odds and Ends,Bob Dylan,1975,31
3Inw4uH59MbpGRZtvvlfed,"Tangled up in Blue - Live at Boston Music Hall, Boston, MA - November 21, 1975 - Evening",Bob Dylan,1975,30
3v3egyVEQvvFIjsUGi6g9H,"Mama, You Been On My Mind - Studio Outtake - 1964",Bob Dylan,1991,37
4agkBHxBfcOO4Tgd5Qt86g,Moonshiner - Studio Outtake - 1963,Bob Dylan,1991,37
7J8xED18dePpiXOkPkOFt0,"Knockin' on Heaven's Door - Live at Sony Music Studios, New York, NY - November 1994",Bob Dylan,1995,39
3UEWtvTL3mE797dNOv8Rzw,Things Have Changed - Single Version,Bob Dylan,2000,47
380LDWPuv796kleeSKKFge,I Shall Be Free - Witmark Demo - 1963,Bob Dylan,1963,16
4j8k3NNNh4B8HekN0Zf0Je,Quit Your Low Down Ways - Witmark Demo - 1962,Bob Dylan,1963,16
6AoNnAg3uQxr4tcxJpmIWc,"Baby, I'm In the Mood for You - Witmark Demo - 1962",Bob Dylan,1963,17
1fYsg6DqU6cZnRbISSjqnI,Paths of Victory - Witmark Demo - 1963,Bob Dylan,1963,16
3bOUbaxvXVcQDUeSiiJIXN,John Brown - Witmark Demo - 1963,Bob Dylan,1963,15
0H9ZzwIBJSxOJT3HVuAsjW,"Don't Think Twice, It's All Right - Live at Philharmonic Hall, New York, NY - October 1964",Bob Dylan,1964,17
7BoeifyvhTzpwGhl623obG,"A Hard Rain's A-Gonna Fall - Live at Philharmonic Hall, New York, NY - October 1964",Bob Dylan,1964,16
5d73oMHvHCrrIGchvPdJ86,"The Lonesome Death of Hattie Carroll - Live at Philharmonic Hall, New York, NY - October 1964",Bob Dylan,1964,15
2kGcrp5Ra5bCIUn53ng5pB,Highway 61 Revisited - Alternate Take,Bob Dylan,1966,24
3Fnet7l44QsKmbRxAOyWzE,Sarah Jane,Bob Dylan,1973,24
2MTSgWdCF4fbqM9sVKtnUm,Hazel,Bob Dylan,1974,29
0gohStXgZCXhpBRw7TuYQE,"Love Minus Zero / No Limit - Live at Montreal Forum, Montreal, Quebec - December 1975",Bob Dylan,1975,29
3tPkWQ0Ed6vHbYdbPP7HLJ,Tears of Rage,Bob Dylan,1975,28
6jVRVVop35OiLnMQt1oof1,Ain't No More Cane,Bob Dylan,1975,27
4daGDsq2Gv4qeGR3uYpQoy,Yea! Heavy And A Bottle Of Bread,Bob Dylan,1975,26
0R9p7lLUdB5N39OU9NCTu4,Clothes Line Saga,Bob Dylan,1975,25
2dYam0boaX8XGNzwVqHxW0,Crash on the Levee,Bob Dylan,1975,25
7c5tRyNXCM77xYfBJGg3B6,Don't Ya Tell Henry,Bob Dylan,1975,24
2WEE10JUB0IuuTKluMyYXG,No Time to Think,Bob Dylan,1978,32
0VS0zCuZdd2yQSg21parJK,Medicine Sunday - Take 1,Bob Dylan,1965,14
5Z1BFjLELnh6Ypn4yWzOOD,Mr. Tambourine Man,Bob Dylan,1967,24
6W6VdR6GvDExlTEZhO2bsy,"Like a Rolling Stone - Live at the Isle of Wight, UK - August 1969",Bob Dylan,1970,27
23cMvOOt9IlfxQINoFifXA,Alberta #1,Bob Dylan,1970,30
2Xc1Xd7q4bunmnYkwIwJGY,"Blowin' in the Wind - Live at LA Forum, Inglewood, CA - February 1974",Bob Dylan,1974,24
66KNVoKnjd4zWBsQT3wXQc,"Queen Jane Approximately - Take 2, Complete",Bob Dylan,1965,11
5zxQEP8cuNMy2ZFK1AwqKZ,"I Wanna Be Your Lover - Take 6, Complete",Bob Dylan,1965,11
7iTnAnhVdugWZwnbdqbNQl,"Like a Rolling Stone - Live at Free Trade Hall, Manchester, UK - May 17, 1966",Bob Dylan,1966,29
4t2wZalAQ4cbKKWTAcxct2,Blue Moon,Bob Dylan,1970,29
2IprIjGNRlj3TfqUWCAo0C,Last Christmas,Taylor Swift,2008,47
5tSmAABuoOfR59lrtXdDqm,If This Was A Movie,Taylor Swift,2010,52
1yG491M3fRfowMdGN5pey4,Begin Again,Taylor Swift,2012,56
1kKlhuQE0HXp1IwBRpaH2P,Shake It Off,Taylor Swift,2014,60
1SymEzIT3H8UZfibCs3TYi,Afterglow,Taylor Swift,2019,70
12M5uqx0ZuwkpLp5rJim1a,Cornelia Street,Taylor Swift,2019,71
5nL5BoiXOhwNrTnFDbDaq9,"Can You Please Crawl Out Your Window? - Take 1, Alternate Take",Bob Dylan,1965,15
1bq1EC1nZUrDNscbrykOUo,Can You Please Crawl Out Your Window? - Take 17,Bob Dylan,1965,15
15DeqWWQB4dcEWzJg15VrN,Our Song,Taylor Swift,2006,70
7zMcNqs55Mxer82bvZFkpg,Teardrops On My Guitar - Radio Single Remix,Taylor Swift,2006,66
0Om9WAB5RS09L80DyOfTNa,Tim McGraw,Taylor Swift,2006,65
32mVHdy0bi1XKgr0ajsBlG,Picture To Burn,Taylor Swift,2006,65
16MVSD0mGI4RMQT83Qzm69,Should've Said No,Taylor Swift,2006,63
2QrQCMel6v2JiLxqrg4p2O,Mary's Song (Oh My My My),Taylor Swift,2006,55
0JIdBrXGSJXS72zjF9ss9u,I'm Only Me When I'm With You,Taylor Swift,2006,55
7an1exwMnfYRcdVQm0yDev,Cold As You,Taylor Swift,2006,54
73OX8GdpOeGzKC6OvGSbsv,A Place in this World,Taylor Swift,2006,54
2ZoOmCSgj0ypVAmGd1ve4y,Stay Beautiful,Taylor Swift,2006,53
1vrd6UOGamcKNGnSHJQlSt,Love Story,Taylor Swift,2008,72
3GCL1PydwsLodcpv0Ll1ch,You Belong With Me,Taylor Swift,2008,72
3OaBCFROgrLRbZGCFP6E3M,You Belong With Me,Taylor Swift,2008,50
7bad461siaxECNlaYsmIo6,Love Story,Taylor Swift,2008,48
5P4wWhUYWM0IaVYLuZxdar,The Way I Loved You,Taylor Swift,2008,65
6Eu31gddWw0gOGO506pJYA,Fearless,Taylor Swift,2008,64
6wn61Fzx9XMxQmieLpoIhW,White Horse,Taylor Swift,2008,63
4t0OI7XrODjSkAu3bTPmWj,Fifteen,Taylor Swift,2008,64
3as6Wz3mwbTnusWhZjTUNr,You Belong With Me,Taylor Swift,2008,59
4ONlmL2EYEryaJzmh9fG1o,The Way I Loved You,Taylor Swift,2008,40
0kN3oXYWWAk1uC0y2WoyOE,Love Story,Taylor Swift,2008,57
3SBGfIPUVlqt1YGxgZXoJ9,Fearless,Taylor Swift,2008,40
3MXzl6hq3vSqB8ZlKVGkRi,Fifteen,Taylor Swift,2008,40
77VotUUL79U10TAnYdqwvr,The Way I Loved You,Taylor Swift,2008,56
47HtKpfzpAt8rQjjXWotFj,Forever & Always,Taylor Swift,2008,60
5GEPI2EfHqf6G1Ebibo5C5,White Horse,Taylor Swift,2008,38
3F6czr26ZwGU5O5CHY04Ma,Fearless,Taylor Swift,2008,55
08gavXombT6KR0af88i9tA,Jump Then Fall,Taylor Swift,2008,55
46HGgtwmmuEB8mvDCyjyAc,Forever & Always - Piano Version,Taylor Swift,2008,54
4WXzzCof26KJLTK5kK53dS,Hey Stephen,Taylor Swift,2008,59
4jPtq9shRdUv8Zjr0a5xkD,White Horse,Taylor Swift,2008,54
2IZ00ed83ygPIiacYScWUE,Untouchable,Taylor Swift,2008,54
3M0w3fhdXByHLCNAoi5c9G,Fifteen,Taylor Swift,2008,54
1zxrcAk6eiytfavqriMcKT,Forever & Always,Taylor Swift,2008,54
30oulfBS2vZcq1wQZPXlQo,Forever & Always,Taylor Swift,2008,37
0xvsgzM8AtBtRHZm5rav8A,The Other Side Of The Door,Taylor Swift,2008,54
4pl5zcqCv4vc3cB7M4MZ6f,Come In With The Rain,Taylor Swift,2008,53
3esA216TyLHEkNiBCeCmcg,The Best Day,Taylor Swift,2008,56
6wcFdMmiDscAhZJrcVFumx,Hey Stephen,Taylor Swift,2008,53
0dBW6ZsW8skfvoRfgeerBF,Mine,Taylor Swift,2010,66
1By2VQkUN0Frd8mKNV5NYC,Better Than Revenge,Taylor Swift,2010,65
3DrjZArsPsoqbLzUZZV1Id,Back To December,Taylor Swift,2010,65
5yEPktRqvIhko5QFF3aBhQ,Mean,Taylor Swift,2010,65
3RBluWmSoG2pGA1OePzGJI,The Story Of Us,Taylor Swift,2010,64
10eBRyImhfqVvkiVEGf0N0,Enchanted,Taylor Swift,2010,64
1ubvV5ECkm6nSI6g1HmbBK,Dear John,Taylor Swift,2010,63
1q8E1FfFuhd12c5JcJwPxQ,Sparks Fly,Taylor Swift,2010,60
7lxADouiWFkwR7ZV2GKUcH,Back To December,Taylor Swift,2010,59
6LZaxlycSWrJZ4Volb25qx,Mine,Taylor Swift,2010,59
6d9IiDcFxtFVIvt9pCqyGH,Sparks Fly,Taylor Swift,2010,62
6IH2Z54gYPLqgJtxZjX80i,Back To December - Acoustic Version,Taylor Swift,2010,55
1D27z8xNzjW0Mwwt1NCWhJ,Last Kiss,Taylor Swift,2010,59
1EQn3Uc5AyUXoiPLeyCrrg,Ours,Taylor Swift,2010,58
19tHCfzUSoy5HkpxcmbA0A,The Story Of Us,Taylor Swift,2010,58
74WBGgUnpKrJXt6TETfR6Z,Never Grow Up,Taylor Swift,2010,57
14LtANuaslKWyYbktUrHBU,Enchanted,Taylor Swift,2010,57
7DjCRhhFo9PPzca1BjMLcf,Long Live,Taylor Swift,2010,57
4N60XfcTE1ysLZGbYgnYXq,Mean,Taylor Swift,2010,56
11UaQaEp2LvdspTyyuE3ur,Haunted,Taylor Swift,2010,57
2ythurkTtSiyfK7GprJoFW,Better Than Revenge,Taylor Swift,2010,58
24DefNCFiWTP8OjYWiXuYe,Speak Now,Taylor Swift,2010,58
1nYWTzy5zu3zEPNgB1sItW,Speak Now,Taylor Swift,2010,56
0vvt4IZOMkRug195S4MUq0,If This Was A Movie,Taylor Swift,2010,55
7hZuICN5eaCuQyp443RCt6,Dear John,Taylor Swift,2010,56
1q3RiD1tIWUpGsNFADMlvl,All Too Well,Taylor Swift,2012,70
72jCZdH0Lhg93z6Z4hBjgj,I Knew You Were Trouble.,Taylor Swift,2012,68
7AEAGTc8cReDqcbPoY9gwo,We Are Never Ever Getting Back Together,Taylor Swift,2012,67
3bIxTsfeNMO7Nt2J3EUKrA,22,Taylor Swift,2012,63
0cITLOYn1Sv4q27zZPqlNK,Red,Taylor Swift,2012,64
2ULNeSomDxVNmdDy8VxEBU,22,Taylor Swift,2012,62
1RvQQGwaPipiNgz8RXAKA8,Red,Taylor Swift,2012,61
1OYARuagDrpgNNQ4loO1Cs,We Are Never Ever Getting Back Together,Taylor Swift,2012,60
0L4YCNRfXAoTvdpWeH2RGj,Begin Again,Taylor Swift,2012,61
0ciHz919LVKoH4zgxyMPZ9,I Knew You Were Trouble.,Taylor Swift,2012,60
5zyCYmiaVE5y26EZuwZbsw,State Of Grace,Taylor Swift,2012,59
5d2Kn9oAAh9S2EbyCo1i52,Holy Ground,Taylor Swift,2012,58
31pEV5lPJi7btskZoUr2yu,I Almost Do,Taylor Swift,2012,58
0XfOV7qY3834QpFVwOb6CC,Treacherous,Taylor Swift,2012,58
1x0J8LFX23d5h1zzuzZorc,Stay Stay Stay,Taylor Swift,2012,57
48A0aShHlovDfTMucMrE66,Begin Again,Taylor Swift,2012,56
4qyalTRMRH5YuEntvvMvq0,Come Back...Be Here,Taylor Swift,2012,56
1p80LdxRV74UKvL8gnD7ky,Blank Space,Taylor Swift,2014,74
5xTtaWoae3wi06K5WfVUUH,Shake It Off,Taylor Swift,2014,72
59HjlYCeBsxdI0fcm3zglw,Wildest Dreams,Taylor Swift,2014,73
4lIxdJw6W3Fg4vUIYCB0S5,Style,Taylor Swift,2014,69
273dCMFseLcVsoSWx59IoE,Bad Blood,Taylor Swift,2014,66
6rZVy6FIG7lSJQMFXHo12z,New Romantics,Taylor Swift,2014,66
5OndtwLGA9O6XHFcGm2H7r,Out Of The Woods,Taylor Swift,2014,64
6qnM0XXPZOINWA778uNqQ9,Welcome To New York,Taylor Swift,2014,62
2sC2P3BN0IXujNaaSyDmtP,Blank Space,Taylor Swift,2014,62
4bXCcoesMt8u99xMsbLr9U,Clean,Taylor Swift,2014,63
1fo2ctLqj3zBhRQKOXprol,Style,Taylor Swift,2014,62
0dAb8TY433dl3ZfXYCLE19,All You Had To Do Was Stay,Taylor Swift,2014,61
3fthfkkvy9av3q3uAGVf7U,Shake It Off,Taylor Swift,2014,59
106R7Z57WYzBAfrXImV30y,Wildest Dreams,Taylor Swift,2014,60
6Nde5KuTXyB7jlPO4upaBo,Out Of The Woods,Taylor Swift,2014,60
4A2LfnduSTsE8u0ecYROxE,You Are In Love,Taylor Swift,2014,60
6iWMI5oOhWrDbLbjmwTWFq,Wonderland,Taylor Swift,2014,60
1kTPQnabROVkW9bUXdCGrB,This Love,Taylor Swift,2014,58
2zfgVd034GlUvk7LqBHl6u,I Know Places,Taylor Swift,2014,59
6wfugRLamFsTRbPcCpNnP7,How You Get The Girl,Taylor Swift,2014,59
1B5VzXPqMlvRw0U4HJY3dJ,I Wish You Would,Taylor Swift,2014,59
1LLXZFeAHK9R4xUramtUKw,London Boy,Taylor Swift,2019,71
5kI4eCXXzyuIUXjQra0Cxi,betty,Taylor Swift,2020,75
6VsvKPJ4xjVNKpI8VVZ3SV,invisible string,Taylor Swift,2020,74
4P5FR0hI1Vr7BpZqBD19iR,"Positively 4th Street - Take 4, Complete",Bob Dylan,1965,15
0z7gv3vV0CcVWNqzRUoTOj,Days of '49,Bob Dylan,1970,29
6s8fPezIUaqQXsPcTselWy,Let It Be Me,Bob Dylan,1970,28
1dI5VAddbHQKX1LgNsjxGG,True Love Tends to Forget,Bob Dylan,1978,31
4eED1awQbzXgwRv7QdZYuL,"Mr. Tambourine Man - Live at Nippon Budokan Hall, Tokyo, Japan - February/March 1978",Bob Dylan,1979,29
3O1hpSOaJDW4SelgUG2XT3,Love Sick,Bob Dylan,1997,39
2xalFZmyjleCTdhKPxqzdh,Standing in the Doorway,Bob Dylan,1997,38
4AWZ4e48q09PxcD1BFIOGx,"Love Minus Zero / No Limit - Take 1, Breakdown",Bob Dylan,1965,17
6C5xlXwVqvJN6gALi4BYMQ,Folsom Prison Blues,Bob Dylan,1967,25
231YRTPZFjXLCYSR1oKDrC,I Forgot More Than You'll Ever Know,Bob Dylan,1970,27
2BhDazuH5PZqsX0LyM0D56,Big Yellow Taxi,Bob Dylan,1973,28
43l4wsDQHRa0lZwwuzSPff,Never Say Goodbye,Bob Dylan,1974,29
7gksXTblFUMjjkU54iS3Ir,"Knockin' on Heaven's Door - Live at Madison Square Garden, New York, NY - January 1974",Bob Dylan,1974,27
6QU8kwWWVvDsNFFyoAsY0Q,"Rainy Day Women #12 & 35 - Live at LA Forum, Inglewood, CA - February 1974",Bob Dylan,1974,23
4unBfoXJZVyDcoFe9i4LAN,The Times They Are A-Changin' - Witmark Demo - 1963,Bob Dylan,1991,32
1qli6fjEVdmMgssWy55eiZ,Forever Young,Bob Dylan,1994,40
6rt50MyI11ewgeopysMzYq,"Don't Think Twice, It's All Right - Witmark Demo - 1963",Bob Dylan,1966,30
6TpSTQry30wlNFoRgHFK5e,All You Have to Do Is Dream - Take 2,Bob Dylan,1967,22
42vJsgA6IzihUHpoQpbYhr,Million Dollar Bash - Take 1,Bob Dylan,1967,20
5Sm8vWbmBFiZ1Qv2XkED37,Odds and Ends - (Alternate Version) Take 1,Bob Dylan,1967,20
5Zh4vFrNsYnbPTvTIk0Rsv,Edge of the Ocean,Bob Dylan,1967,20
7vtmxVGCbCGHb2FRWzr2b5,I'm Your Teenage Prayer,Bob Dylan,1967,19
6NtoNuWuH4Nl1OcMlL3Ou2,My Bucket's Got a Hole in It,Bob Dylan,1967,18
6PxiOVVnEXQx6bD7VVaZ8K,"Dress It up, Better Have it All",Bob Dylan,1967,18
00HJYR05DhEkpawG444zN8,I Forgot to Remember to Forget,Bob Dylan,1967,17
2yJQuQFTGjUNmTPDMEWmo1,"The Night They Drove Old Dixie Down - Live at LA Forum, Inglewood, CA - February 1974",Bob Dylan,1974,24
6N5ocPkQ8FPaZu90bRSJM7,"It Ain't Me, Babe - Live at LA Forum, Inglewood, CA - February 1974",Bob Dylan,1974,23
2Eg8w0EBz3EVCKkTC5CCGa,"Endless Highway - Live at LA Forum, Inglewood, CA - February 1974",Bob Dylan,1974,21
4zSzGgwYjmyTPbctxnEZQw,"Stage Fright - Live at LA Forum, Inglewood, CA - February 1974",Bob Dylan,1974,21
7iCYO5Db1xLBqmzYf4T2EO,"Highway 61 Revisited - Live at LA Forum, Inglewood, CA - February 1974",Bob Dylan,1974,21
4XE4w5PToio8PjQpL4wcGJ,"The Shape I'm In - Live at LA Forum, Inglewood, CA - February 1974",Bob Dylan,1974,20
3fT1TDk7OKsk02zb50TT0O,Ruben Remus,Bob Dylan,1975,24
6iEVANirIu9Map5EvPDPgg,Long Distance Operator,Bob Dylan,1975,24
0XfTh16YcKPzdxMPTeKTAq,SuperStar,Taylor Swift,2008,52
5mfDBWY7ncZFm7ykmFTG4i,State Of Grace - Acoustic Version,Taylor Swift,2012,54
1OB4gBYqpCWmi5COdvkdAQ,"Knockin' on Heaven's Door - Live at Harvard Square Theatre, Cambridge, MA - November 1975",Bob Dylan,1975,28
2Q7cqvwV7CCwAxZTL22uYi,"Is Your Love in Vain? - Live at Nippon Budokan Hall, Tokyo, Japan - February/March 1978",Bob Dylan,1979,26
4kF9AoXsb9kieb8zKU3xSw,"One More Cup of Coffee (Valley Below) - Live at Nippon Budokan Hall, Tokyo, Japan - February/March 1978",Bob Dylan,1979,27
5pVLgHoJl51Y3yKhk0ZKZB,"I Shall Be Released - Live at Nippon Budokan Hall, Tokyo, Japan - February/March 1978",Bob Dylan,1979,27
6urIyKfDrUYDAW7saPN6wF,In the Garden,Bob Dylan,1980,23
5q6DNaMiigdhI02g5XXq4C,In the Summertime,Bob Dylan,1981,26
3Gfx0rvzSpxUwpaOwLSnPV,Crazier,Taylor Swift,2009,42
06MdshAoq98OnumAG4PIuC,Take a Message to Mary,Bob Dylan,1970,24
1BzhoGAslntPzCyfye20Nh,"Mama, You Been on My Mind - Live at Harvard Square Theatre, Cambridge, MA - November 1975",Bob Dylan,1975,27
2ZhB0pLWeVIiTDc36yFiwY,"Can You Please Crawl Out Your Window? - Take 6, Complete",Bob Dylan,1965,11
1hxLyjC9D9Jpw6EAPKqWv4,Teardrops on My Guitar - Pop Version,Taylor Swift,2006,49
0cEG04R5cldkTLzK6phlcn,Come In With The Rain,Taylor Swift,2008,53
0tr6XR58KBdDYd8qvHVTs8,Back To December,Taylor Swift,2010,50
0GxW5K0qzrq7L1jwSY5OmY,Mine - POP Mix,Taylor Swift,2010,54
09cM9BjyNFizKUOXh6j9rT,Sparks Fly,Taylor Swift,2010,50
4pFvEWbjBpPUdYRQly0THs,Today Was A Fairytale,Taylor Swift,2011,57
70e9zuv2pJc7ON1OUAJ1zl,Sad Beautiful Tragic,Taylor Swift,2012,56
4qTAwKJQ68gmnrnfPD3vlO,The Moment I Knew,Taylor Swift,2012,55
0LkjXZhQZ0ckXtj4DHM6Xu,"Pledging My Time - Take 1, Alternate Take",Bob Dylan,1965,16
2efrVo9F334TwP0da3S4PD,"It's All Over Now, Baby Blue - Take 1",Bob Dylan,1965,16
2BptgHssBhYE1y4ZH7oRew,The Groom's Still Waiting at the Altar,Bob Dylan,1981,27
61ZBZl1739ky4DCVj73O7a,Shot of Love,Bob Dylan,1981,27
1qwxCVcwLWdJZXtmuGm0Wk,Series of Dreams - Studio Outtake - 1989,Bob Dylan,1991,35
7CzxXgQXurKZCyHz9ufbo1,I'm Only Me When I'm With You,Taylor Swift,2006,51
2O8sogKJCfVZ4rotBv1vVF,Mary's Song (Oh My My My),Taylor Swift,2006,50
569sXXQ7t0jSdqHooi2yqs,Cold As You,Taylor Swift,2006,51
2Fn01AIMyHbha2ceNQeOqw,Tim McGraw,Taylor Swift,2006,50
7CjuAoOiSrwWv7wJonAUmw,The Best Day,Taylor Swift,2008,51
3uma4z6bJJxig2eUILcDbp,Mine,Taylor Swift,2010,54
7dlofsE0pZhXBZR6hqhaVu,The Story Of Us,Taylor Swift,2010,52
0mTgFzkDgSAF3nJY25XCXG,Innocent,Taylor Swift,2010,52
6Ck9WerfsyvC4v4AylUoDp,I Know Places,Taylor Swift,2014,58
3nRmDz7qGCvsMS30rGGY0x,Welcome To New York,Taylor Swift,2014,58
6aLOekfwbytwWvQftxTEF0,All You Had To Do Was Stay,Taylor Swift,2014,58
2NlmmAjGYrrjAp0MED5rGx,Bad Blood,Taylor Swift,2014,59
2dgFqt3w9xIQRjhPtwNk3D,Death By A Thousand Cuts,Taylor Swift,2019,71
2Eeur20xVqfUoM3Q7EFPFt,the last great american dynasty,Taylor Swift,2020,74
1MgV7FIyNxIG7WzMRJV5HC,my tears ricochet,Taylor Swift,2020,74
2NmsngXHeC1GQ9wWrzhOMf,illicit affairs,Taylor Swift,2020,73
0PurA4JVJ8YQgSVopY8fn6,tolerate it,Taylor Swift,2020,74
0ZNU020wNYvgW84iljPkPP,mirrorball,Taylor Swift,2020,73
7kt9e9LFSpN1zQtYEl19o1,this is me trying,Taylor Swift,2020,73
2o2sgVJIgFXk8GQjWTgI6U,long story short,Taylor Swift,2020,72
19CSr8rwW05VJL2F91KFNK,ivy,Taylor Swift,2020,73
6KJqZcs9XDgVck7Lg9QOTC,seven,Taylor Swift,2020,72
3yFpuKEVSoqWHlRFlRZ5rJ,"Leopard-Skin Pill-Box Hat - Take 8, Alternate Take",Bob Dylan,1965,17
0uu57g6gOZCVsMFBngtjN1,"If You Gotta Go, Go Now - Take 2, Alternate Take",Bob Dylan,1965,16
1PUlnoNqldD0bbBnr0spm7,"Desolation Row - Take 1, Alternate Take",Bob Dylan,1965,16
0JCPsxoUTSPQdm8EeeKp6R,Sitting On a Barbed Wire Fence - Take 2,Bob Dylan,1965,15
5WC8IE6eSOqbiz8D25vldq,"Love Minus Zero / No Limit - Take 3 Remake, Complete",Bob Dylan,1965,16
0DAvALgQgY5GSqO3hk0jaQ,"California - Take 1, Solo Acoustic",Bob Dylan,1965,14
4HNUbWeCMT8QyfymmfHGh7,"Love Minus Zero / No Limit - Take 1 Remake, Complete",Bob Dylan,1965,15
0e7fgxwzw3Rpsc7pojQsAC,"On the Road Again - Take 4, Alternate Take",Bob Dylan,1965,13
5HgjtQ0jW7hEu1A3Y5pZtd,"Oh, Sister - Live at Tarrant County Convention Center Arena, Ft. Worth, TX - May 1976",Bob Dylan,1976,23
3VtojFfH6vjWzqqWDz7d4F,"It Ain't Me, Babe",Bob Dylan,1967,24
0Muez8ucUqZMXIaYONOgF2,Like a Rolling Stone,Bob Dylan,1967,24
4pJi1rVt9GNegU9kywjg4z,Teardrops on My Guitar - Pop Version,Taylor Swift,2006,53
6K0CJLVXqbGMeJSmJ4ENKK,Tied Together with a Smile,Taylor Swift,2006,52
5OOd01o2YS1QFwdpVLds3r,Invisible,Taylor Swift,2006,52
2QA3IixpRcKyOdG7XDzRgv,The Outside,Taylor Swift,2006,51
0HmCuN0Z3OX1Qrz43FLOPL,You're Not Sorry,Taylor Swift,2008,57
3rnI1UCyGJvUTVvT97VQr5,Tell Me Why,Taylor Swift,2008,56
1yACRKAwlXWhXXFUSkvzhD,Change,Taylor Swift,2008,54
6HWYtS215rxaaMjvpyG18W,You're Not Sorry,Taylor Swift,2008,52
14Bljc3pOOG0xQX3wqhLN9,SuperStar,Taylor Swift,2008,52
4XrP7vKBjKLEYlRZdb0Ygr,Tell Me Why,Taylor Swift,2008,52
6XDBA3QWX51lDJ0oZbaJJN,Long Live,Taylor Swift,2010,55
1wJL1A0QUHJPf2cm7tsrdw,Never Grow Up,Taylor Swift,2010,54
4h0EXpatqJImv4VRgvX6po,Last Kiss,Taylor Swift,2010,54
28M2gifMU282QBM3fKajIS,Haunted,Taylor Swift,2010,54
4XMP3zVxrnr58T0tjIHvpR,All Too Well,Taylor Swift,2012,57
2wtHlpYSgC7xEdD3DrSHNL,The Lucky One,Taylor Swift,2012,56
0vqI4ZIMuifeKeItGiWbPj,Starlight,Taylor Swift,2012,56
5AsmAjBSSQjRPWgAYIp8tm,The Moment I Knew,Taylor Swift,2012,55
0lmMtDQ2ElasKU2qDAE6NN,All You Had To Do Was Stay,Taylor Swift,2014,57
4Lo9ZhL5zVKpzjYmQPb71G,"Fourth Time Around - Live at Free Trade Hall, Manchester, UK - May 17, 1966",Bob Dylan,1966,29
2S79LkepDFPplMILfj9gc9,"Baby, Let Me Follow You Down - Witmark Demo - 1964",Bob Dylan,1963,16
2WMdCRjJ9d8WGGBg7BzOXr,Talkin' John Birch Paranoid Blues - Witmark Demo - 1963,Bob Dylan,1963,15
0z7JXFgY4AAW43B4pWZXX6,"Talkin' John Birch Paranoid Blues - Live at Philharmonic Hall, New York, NY - October 1964",Bob Dylan,1964,16
2aibjayGDNNXKPTIpqTnsD,"Bound to Lose, Bound to Win - Witmark Demo - 1963",Bob Dylan,1963,16
3DKXUbgjgCEp4xz9aU1AUk,"It's All over Now, Baby Blue - Alternate Take",Bob Dylan,1966,28
4SqDbsslKr9S9mb2UlgMgJ,"Maggie's Farm - Live at Hughes Stadium, Ft. Collins, CO - May 1976",Bob Dylan,1976,26
4RBKAqJ3qyvvriDG0s9IJ3,Love Story - Live From Clear Channel Stripped 2008,Taylor Swift,2008,42
4yziqVX2e3xZ7YINZTjkvo,"Like a Rolling Stone - Take 4, Rehearsal",Bob Dylan,1965,11
7oLZhNh5LaUnWM7kHqOnjM,Most of the Time - Alternate Version from 'Oh Mercy' sessions,Bob Dylan,2008,31
2OiysLw55VVjAYj1tC2TMF,Katie's Been Gone,Bob Dylan,1975,29
00tanKrs6k2NYcty1CKiVk,Bob Dylan's Dream - Witmark Demo - 1963,Bob Dylan,1963,15
3OsPGKXz4qdRY7gukbcQhH,"All I Really Want to Do - Live at Philharmonic Hall, New York, NY - October 1964",Bob Dylan,1964,14
6RPSsVTwHf7Rpq00jMttBJ,Blowin' in the Wind,Bob Dylan,1967,23
687t0cwjfAeXInx0u7tany,"Mr. Tambourine Man - Take 3 with Band, Incomplete",Bob Dylan,1965,15
7jPBqISX2gnv4oTIqBnzQP,Lunatic Princess - Take 1,Bob Dylan,1965,13
4E7wcdWhk0IChNYVoQfqP2,"One of Us Must Know (Sooner or Later) - Take 19, Alternate Take",Bob Dylan,1965,14
5HgpySxSUjT7wP326hXcXP,"You Don't Have to Do That - Take 1, Solo Acoustic",Bob Dylan,1965,14
7wbATZinTGleK7zhZJs4Yq,You Belong With Me,Taylor Swift,2008,32
5WuBu7WHqaDAIs5dikGclg,Shake It Off,Taylor Swift,2014,47
3ScVaMDQwaD8iumBYzcDvr,Wildest Dreams,Taylor Swift,2014,48
4SHyS2ThjrS1iBGruKweCz,Bad Blood,Taylor Swift,2014,45
7ARgHV20qAFcy1UoNcaCB0,New Romantics,Taylor Swift,2014,41
7rqMFBawnvxyyj3nA1iaUV,Shake It Off,Taylor Swift,2014,40
4D7kxLhSz7siCOw7KA5rQn,Style,Taylor Swift,2014,51
1vwCXIAjSkUxvn78Cmz84g,Blank Space,Taylor Swift,2014,37
7aMftpNNJiQj1c2rllc8Dk,Welcome To New York,Taylor Swift,2014,40
4vWTULAbqJAgqBqK2CxSY9,willow,Taylor Swift,2020,56
4HQ097bQ6kZsOo2vbC1NT5,"Oh, Sister - Live at Nippon Budokan Hall, Tokyo, Japan - February/March 1978",Bob Dylan,1979,23
0I4JbXsGvZf5tsn2wyrhDm,I'm a Fool for You - Take 2,Bob Dylan,1967,14
1k3PzDNjg38cWqOvL4M9vq,Invisible,Taylor Swift,2006,49
1oR4MUBpyNrAViC8wPNpfm,A Place in this World,Taylor Swift,2006,49
41sjzdjScVwnxnxADElts6,Stay Beautiful,Taylor Swift,2006,48
2zzxwmoOBnXDT0KnJsoIWk,Tied Together with a Smile,Taylor Swift,2006,48
5Tj2MqcFMf60CaGsKbM1aq,The Outside,Taylor Swift,2006,48
0YgHuReCSPwTXYny7isLja,A Perfectly Good Heart,Taylor Swift,2006,47
0ck1qErO76fM9xKxuSeqDk,The Best Day,Taylor Swift,2008,48
6zV8AVM9eVfdG7Qahwd64R,Fearless,Taylor Swift,2008,46
2RM02ladxD5mgdrlAwh3h9,Teardrops On My Guitar - International Mix,Taylor Swift,2008,43
1yFjBRQVhRdcdnrTE5LuyD,White Horse,Taylor Swift,2008,44
4yf9OivCH2lmQWN8mzpCC6,Fifteen,Taylor Swift,2008,44
7vBlnGdfOLzVEqiOQQxeU8,The Story Of Us,Taylor Swift,2010,49
2PBghI9zJkQEWBzMSMo2Ki,Speak Now,Taylor Swift,2010,49
3sqrvkNC6IPTIXvvbx9Arw,Enchanted,Taylor Swift,2010,50
6aJ0ipi4EPmu1aTbFeXZnw,Superman,Taylor Swift,2010,48
6yM6QsnTCTVOkKEvg3hGlo,Mean,Taylor Swift,2010,49
1GeLxMgpeCnMJntwyW6rLw,Dear John,Taylor Swift,2010,48
6SdBf0ZsJZoKaH5zcDaz9X,Haunted - Acoustic Version,Taylor Swift,2010,48
7BFc7ffruhZ4Hecnqf5xju,Long Live,Taylor Swift,2010,47
55mh9j2aB7xZ1Oh463gK8k,Better Than Revenge,Taylor Swift,2010,49
1VCJ7vk3Y2DoJIAEOXe3V8,Last Kiss,Taylor Swift,2010,46
0OAHsZ8vrS2NKom3cvfJQD,Mine - POP Mix,Taylor Swift,2010,45
57w0Uyk2jJAkO2hMJ36xJZ,Never Grow Up,Taylor Swift,2010,44
72idZxdEHLbi2YI486c3sE,Haunted,Taylor Swift,2010,46
5aNkiOMxQXkpoEY5bTYoCh,Back To December,Taylor Swift,2010,43
4LraIz87diVQdDK0rhi0S4,Innocent,Taylor Swift,2010,43
75NS6QgULqCwUKFVIWYJbW,Teardrops On My Guitar,Taylor Swift,2010,34
6VFpuI0DDmbC5UyWZQ4IRY,Girl At Home,Taylor Swift,2012,53
2OghnlGqZZsFzHjG0CSE9l,Red - Original Demo Recording,Taylor Swift,2012,50
7skiELMb9SiQCcBpsExIJf,Treacherous - Original Demo Recording,Taylor Swift,2012,50
7wjbSn8QHsxqKXU5M0jXGM,Eyes Open,Taylor Swift,2012,52
6EwNJz8CuVsrsLvXprJ20Q,I Know Places,Taylor Swift,2014,57
7EpVQjqtKygiwJIASxMWNg,Out Of The Woods,Taylor Swift,2014,55
07NxDD1iKCHbAldceD7QLP,This Is Why We Can't Have Nice Things,Taylor Swift,2017,67
1fzAuUVbzlhZ1lJAx9PtY6,Daylight,Taylor Swift,2019,68
2YWtcWi3a83pdEg3Gif4Pd,I Think He Knows,Taylor Swift,2019,70
3pHkh7d0lzM2AldUtz2x37,The Archer,Taylor Swift,2019,70
214nt20w5wOxJnY462klLw,Miss Americana & The Heartbreak Prince,Taylor Swift,2019,70
5hQSXkFgbxjZo9uCwd11so,False God,Taylor Swift,2019,68
73YUReisjb3A9ActdLLjJQ,happiness,Taylor Swift,2020,72
670fUmXf4KQekzbEgaXyPA,dorothea,Taylor Swift,2020,71
1XjHRolIXL2M1EEOUsGGR4,cowboy like me,Taylor Swift,2020,71
2QDyYdZyhlP2fp79KZX8Bi,mad woman,Taylor Swift,2020,71
7MbT4I8qGntX4fMdqMQgke,peace,Taylor Swift,2020,70
08fa9LFcFBTcilB3iq2e2A,epiphany,Taylor Swift,2020,70
